2018-11-01 01:08:09	33
2018-11-01 01:18:09	33
2018-11-01 01:28:09	33
2018-11-01 01:38:09	33
2018-11-01 01:48:09	33
2018-11-01 01:58:09	33
2018-11-01 02:08:10	33
2018-11-01 02:18:10	33
2018-11-01 02:28:10	33
2018-11-01 02:38:10	33
2018-11-01 02:48:10	33
2018-11-01 02:58:10	33
2018-11-01 03:08:09	33
2018-11-01 03:18:09	34
2018-11-01 03:28:09	34
2018-11-01 03:38:09	34
2018-11-01 03:48:09	34
2018-11-01 03:58:09	34
2018-11-01 04:08:09	34
2018-11-01 04:18:09	34
2018-11-01 04:28:09	35
2018-11-01 04:38:09	35
2018-11-01 04:48:09	35
2018-11-01 04:58:09	35
2018-11-01 05:08:09	35
2018-11-01 05:18:09	35
2018-11-01 05:28:09	35
2018-11-01 05:38:09	35
2018-11-01 05:48:09	35
2018-11-01 05:58:09	35
2018-11-01 06:08:09	35
2018-11-01 06:18:09	35
2018-11-01 06:28:09	35
2018-11-01 06:38:09	37
2018-11-01 06:48:09	38
2018-11-01 06:58:09	38
2018-11-01 07:08:09	39
2018-11-01 07:18:09	38
2018-11-01 07:28:09	38
2018-11-01 07:38:09	37
2018-11-01 07:48:09	37
2018-11-01 07:58:09	37
2018-11-01 08:08:09	36
2018-11-01 08:18:09	36
2018-11-01 08:28:09	36
2018-11-01 08:38:09	36
2018-11-01 08:48:09	36
2018-11-01 08:58:09	36
2018-11-01 09:08:09	35
2018-11-01 09:18:09	35
2018-11-01 09:28:09	35
2018-11-01 09:38:09	35
2018-11-01 09:48:09	35
2018-11-01 09:58:09	35
2018-11-01 10:08:10	35
2018-11-01 10:18:10	35
2018-11-01 10:28:10	35
2018-11-01 10:38:10	35
2018-11-01 10:48:10	35
2018-11-01 10:58:10	35
2018-11-01 11:08:09	34
2018-11-01 11:18:09	34
2018-11-01 11:28:10	34
2018-11-01 11:38:10	34
2018-11-01 11:48:10	34
2018-11-01 11:58:10	34
2018-11-01 12:08:10	34
2018-11-01 12:18:10	34
2018-11-01 12:28:10	34
2018-11-01 12:38:10	34
2018-11-01 12:48:10	34
2018-11-01 12:58:10	34
2018-11-01 13:08:11	36
2018-11-01 13:18:11	37
2018-11-01 13:28:11	37
2018-11-01 13:38:11	37
2018-11-01 13:48:11	36
2018-11-01 13:58:11	36
2018-11-01 14:08:10	35
2018-11-01 14:18:10	35
2018-11-01 14:28:10	35
2018-11-01 14:38:10	35
2018-11-01 14:48:10	35
2018-11-01 14:58:10	35
2018-11-01 15:08:11	35
2018-11-01 15:18:11	35
2018-11-01 15:28:11	35
2018-11-01 15:38:11	35
2018-11-01 15:48:11	34
2018-11-01 15:58:11	34
2018-11-01 16:08:11	34
2018-11-01 16:18:11	34
2018-11-01 16:28:11	34
2018-11-01 16:38:11	34
2018-11-01 16:48:11	34
2018-11-01 16:58:11	34
2018-11-01 17:08:11	34
2018-11-01 17:18:11	34
2018-11-01 17:28:11	34
2018-11-01 17:38:11	34
2018-11-01 17:48:11	34
2018-11-01 17:58:11	34
2018-11-01 18:08:10	33
2018-11-01 18:18:10	33
2018-11-01 18:28:10	33
2018-11-01 18:38:10	33
2018-11-01 18:48:10	33
2018-11-01 18:58:10	33
2018-11-01 19:08:11	33
2018-11-01 19:18:11	32
2018-11-01 19:28:11	32
2018-11-01 19:38:11	32
2018-11-01 19:48:11	34
2018-11-01 19:58:11	35
2018-11-01 20:08:11	35
2018-11-01 20:18:11	36
2018-11-01 20:28:11	36
2018-11-01 20:38:11	37
2018-11-01 20:48:11	38
2018-11-01 20:58:11	39
2018-11-01 21:08:11	41
2018-11-01 21:18:11	41
2018-11-01 21:28:11	42
2018-11-01 21:38:11	42
2018-11-01 21:48:11	42
2018-11-01 21:58:11	42
2018-11-01 22:08:11	41
2018-11-01 22:18:11	41
2018-11-01 22:28:11	40
2018-11-01 22:38:11	39
2018-11-01 22:48:11	38
2018-11-01 22:58:11	38
2018-11-01 23:08:11	38
2018-11-01 23:18:11	37
2018-11-01 23:28:11	37
2018-11-01 23:38:11	37
2018-11-01 23:48:11	37
2018-11-01 23:58:11	37
2018-11-02 00:08:11	37
2018-11-02 00:18:11	36
2018-11-02 00:28:11	36
2018-11-02 00:38:11	37
2018-11-02 00:48:11	39
2018-11-02 00:58:11	39
2018-11-02 01:08:11	39
2018-11-02 01:18:11	39
2018-11-02 01:28:11	38
2018-11-02 01:38:11	38
2018-11-02 01:48:11	37
2018-11-02 01:58:11	37
2018-11-02 02:08:11	37
2018-11-02 02:18:11	37
2018-11-02 02:28:11	37
2018-11-02 02:38:11	37
2018-11-02 02:48:11	37
2018-11-02 02:58:11	37
2018-11-02 03:08:11	37
2018-11-02 03:18:11	37
2018-11-02 03:28:11	37
2018-11-02 03:38:11	37
2018-11-02 03:48:11	37
2018-11-02 03:58:11	37
2018-11-02 04:08:11	37
2018-11-02 04:18:11	37
2018-11-02 04:28:11	36
2018-11-02 04:38:11	37
2018-11-02 04:48:11	36
2018-11-02 04:58:11	36
2018-11-02 05:08:11	36
2018-11-02 05:18:11	36
2018-11-02 05:28:11	37
2018-11-02 05:38:11	37
2018-11-02 05:48:11	37
2018-11-02 05:58:11	37
2018-11-02 06:08:11	37
2018-11-02 06:18:11	37
2018-11-02 06:28:11	37
2018-11-02 06:38:11	37
2018-11-02 06:48:11	37
2018-11-02 06:58:11	37
2018-11-02 07:08:11	37
2018-11-02 07:18:11	37
2018-11-02 07:28:11	37
2018-11-02 07:38:11	37
2018-11-02 07:48:11	36
2018-11-02 07:58:11	36
2018-11-02 08:08:11	36
2018-11-02 08:18:11	36
2018-11-02 08:28:11	37
2018-11-02 08:38:11	37
2018-11-02 08:48:11	37
2018-11-02 08:58:11	37
2018-11-02 09:08:11	37
2018-11-02 09:18:11	36
2018-11-02 09:28:11	36
2018-11-02 09:38:11	36
2018-11-02 09:48:11	36
2018-11-02 09:58:11	36
2018-11-02 10:08:12	36
2018-11-02 10:18:12	36
2018-11-02 10:28:12	36
2018-11-02 10:38:12	36
2018-11-02 10:48:12	36
2018-11-02 10:58:12	36
2018-11-02 11:08:11	36
2018-11-02 11:18:11	36
2018-11-02 11:28:11	36
2018-11-02 11:38:11	36
2018-11-02 11:48:11	36
2018-11-02 11:58:11	36
2018-11-02 12:08:11	35
2018-11-02 12:18:11	35
2018-11-02 12:28:11	35
2018-11-02 12:38:11	35
2018-11-02 12:48:11	35
2018-11-02 12:58:11	35
2018-11-02 13:08:11	35
2018-11-02 13:18:11	35
2018-11-02 13:28:11	35
2018-11-02 13:38:11	35
2018-11-02 13:48:11	35
2018-11-02 13:58:11	35
2018-11-02 14:08:11	35
2018-11-02 14:18:11	35
2018-11-02 14:28:11	35
2018-11-02 14:38:11	35
2018-11-02 14:48:11	35
2018-11-02 14:58:11	35
2018-11-02 15:08:12	35
2018-11-02 15:18:12	35
2018-11-02 15:28:12	35
2018-11-02 15:38:12	35
2018-11-02 15:48:12	35
2018-11-02 15:58:12	35
2018-11-02 16:08:12	35
2018-11-02 16:18:12	35
2018-11-02 16:28:12	34
2018-11-02 16:38:12	34
2018-11-02 16:48:12	34
2018-11-02 16:58:12	34
2018-11-02 17:08:11	34
2018-11-02 17:18:11	34
2018-11-02 17:28:11	34
2018-11-02 17:38:11	34
2018-11-02 17:48:11	34
2018-11-02 17:58:11	34
2018-11-02 18:08:11	34
2018-11-02 18:18:11	34
2018-11-02 18:28:11	34
2018-11-02 18:38:11	34
2018-11-02 18:48:11	34
2018-11-02 18:58:11	34
2018-11-02 19:08:12	34
2018-11-02 19:18:12	34
2018-11-02 19:28:12	34
2018-11-02 19:38:12	34
2018-11-02 19:48:12	34
2018-11-02 19:58:12	34
2018-11-02 20:08:12	34
2018-11-02 20:18:12	34
2018-11-02 20:28:12	34
2018-11-02 20:38:12	34
2018-11-02 20:48:12	34
2018-11-02 20:58:12	34
2018-11-02 21:08:12	34
2018-11-02 21:18:12	34
2018-11-02 21:28:12	34
2018-11-02 21:38:12	34
2018-11-02 21:48:12	33
2018-11-02 21:58:12	33
2018-11-02 22:08:11	33
2018-11-02 22:18:11	33
2018-11-02 22:28:11	33
2018-11-02 22:38:11	33
2018-11-02 22:48:11	33
2018-11-02 22:58:11	33
2018-11-02 23:08:12	33
2018-11-02 23:18:12	33
2018-11-02 23:28:12	33
2018-11-02 23:38:12	33
2018-11-02 23:48:12	34
2018-11-02 23:58:12	34
2018-11-03 00:08:12	34
2018-11-03 00:18:12	34
2018-11-03 00:28:12	34
2018-11-03 00:38:12	34
2018-11-03 00:48:12	34
2018-11-03 00:58:12	34
2018-11-03 01:08:11	34
2018-11-03 01:18:11	35
2018-11-03 01:28:11	35
2018-11-03 01:38:11	36
2018-11-03 01:48:11	38
2018-11-03 01:58:11	41
2018-11-03 02:08:12	42
2018-11-03 02:18:12	43
2018-11-03 02:28:12	43
2018-11-03 02:38:12	43
2018-11-03 02:48:12	45
2018-11-03 02:58:12	44
2018-11-03 03:08:12	45
2018-11-03 03:18:12	45
2018-11-03 03:28:12	45
2018-11-03 03:38:12	45
2018-11-03 03:48:12	45
2018-11-03 03:58:12	45
2018-11-03 04:08:12	45
2018-11-03 04:18:12	45
2018-11-03 04:28:12	45
2018-11-03 04:38:12	45
2018-11-03 04:48:12	45
2018-11-03 04:58:12	45
2018-11-03 05:08:12	45
2018-11-03 05:18:12	45
2018-11-03 05:28:12	45
2018-11-03 05:38:12	45
2018-11-03 05:48:12	44
2018-11-03 05:58:12	44
2018-11-03 06:08:12	43
2018-11-03 06:18:12	43
2018-11-03 06:28:12	43
2018-11-03 06:38:12	44
2018-11-03 06:48:12	43
2018-11-03 06:58:12	43
2018-11-03 07:08:12	42
2018-11-03 07:18:12	42
2018-11-03 07:28:12	42
2018-11-03 07:38:12	41
2018-11-03 07:48:12	41
2018-11-03 07:58:12	41
2018-11-03 08:08:12	41
2018-11-03 08:18:12	41
2018-11-03 08:28:12	41
2018-11-03 08:38:12	41
2018-11-03 08:48:12	40
2018-11-03 08:58:12	40
2018-11-03 09:08:12	40
2018-11-03 09:18:12	39
2018-11-03 09:28:12	39
2018-11-03 09:38:12	39
2018-11-03 09:48:12	39
2018-11-03 09:58:12	39
2018-11-03 10:08:12	39
2018-11-03 10:18:12	39
2018-11-03 10:28:12	39
2018-11-03 10:38:12	39
2018-11-03 10:48:12	39
2018-11-03 10:58:12	39
2018-11-03 11:08:12	39
2018-11-03 11:18:12	39
2018-11-03 11:28:12	39
2018-11-03 11:38:12	38
2018-11-03 11:48:12	38
2018-11-03 11:58:12	38
2018-11-03 12:08:12	38
2018-11-03 12:18:12	38
2018-11-03 12:28:12	38
2018-11-03 12:38:12	38
2018-11-03 12:48:12	38
2018-11-03 12:58:12	38
2018-11-03 13:08:13	38
2018-11-03 13:18:13	38
2018-11-03 13:28:13	38
2018-11-03 13:38:13	38
2018-11-03 13:48:13	38
2018-11-03 13:58:13	38
2018-11-03 14:08:13	38
2018-11-03 14:18:13	38
2018-11-03 14:28:13	38
2018-11-03 14:38:13	38
2018-11-03 14:48:13	38
2018-11-03 14:58:13	38
2018-11-03 15:08:13	38
2018-11-03 15:18:13	38
2018-11-03 15:28:13	38
2018-11-03 15:38:13	38
2018-11-03 15:48:13	38
2018-11-03 15:58:13	38
2018-11-03 16:08:12	38
2018-11-03 16:18:12	38
2018-11-03 16:28:12	38
2018-11-03 16:38:12	38
2018-11-03 16:48:12	38
2018-11-03 16:58:12	38
2018-11-03 17:08:13	38
2018-11-03 17:18:13	38
2018-11-03 17:28:13	38
2018-11-03 17:38:13	39
2018-11-03 17:48:13	40
2018-11-03 17:58:13	41
2018-11-03 18:08:12	42
2018-11-03 18:18:12	43
2018-11-03 18:28:12	43
2018-11-03 18:38:12	44
2018-11-03 18:48:12	45
2018-11-03 18:58:12	45
2018-11-03 19:08:13	45
2018-11-03 19:18:13	45
2018-11-03 19:28:13	46
2018-11-03 19:38:13	46
2018-11-03 19:48:13	46
2018-11-03 19:58:13	46
2018-11-03 20:08:12	46
2018-11-03 20:18:12	46
2018-11-03 20:28:12	46
2018-11-03 20:38:12	46
2018-11-03 20:48:12	46
2018-11-03 20:58:12	46
2018-11-03 21:08:12	45
2018-11-03 21:18:12	45
2018-11-03 21:28:12	45
2018-11-03 21:38:12	45
2018-11-03 21:48:12	45
2018-11-03 21:58:12	45
2018-11-03 22:08:13	45
2018-11-03 22:18:13	45
2018-11-03 22:28:13	45
2018-11-03 22:38:13	45
2018-11-03 22:48:13	45
2018-11-03 22:58:13	45
2018-11-03 23:08:12	45
2018-11-03 23:18:12	45
2018-11-03 23:28:12	45
2018-11-03 23:38:12	45
2018-11-03 23:48:12	46
2018-11-03 23:58:12	46
2018-11-04 00:08:13	46
2018-11-04 00:18:13	46
2018-11-04 00:28:13	45
2018-11-04 00:38:13	43
2018-11-04 00:48:13	41
2018-11-04 00:58:13	41
2018-11-04 01:08:13	39
2018-11-04 01:18:13	39
2018-11-04 01:28:13	39
2018-11-04 01:38:13	38
2018-11-04 01:48:13	38
2018-11-04 01:58:13	37
2018-11-04 02:08:13	38
2018-11-04 02:18:13	38
2018-11-04 02:28:13	38
2018-11-04 02:38:13	37
2018-11-04 02:48:13	37
2018-11-04 02:58:13	37
2018-11-04 03:08:12	37
2018-11-04 03:18:12	37
2018-11-04 03:28:12	37
2018-11-04 03:38:12	37
2018-11-04 03:48:12	37
2018-11-04 03:58:12	37
2018-11-04 04:08:13	37
2018-11-04 04:18:13	37
2018-11-04 04:28:13	37
2018-11-04 04:38:13	37
2018-11-04 04:48:13	37
2018-11-04 04:58:13	37
2018-11-04 05:08:13	37
2018-11-04 05:18:13	37
2018-11-04 05:28:13	37
2018-11-04 05:38:13	37
2018-11-04 05:48:13	37
2018-11-04 05:58:13	37
2018-11-04 06:08:13	37
2018-11-04 06:18:13	37
2018-11-04 06:28:13	37
2018-11-04 06:38:13	37
2018-11-04 06:48:13	36
2018-11-04 06:58:13	36
2018-11-04 07:08:12	36
2018-11-04 07:18:12	36
2018-11-04 07:28:12	36
2018-11-04 07:38:12	36
2018-11-04 07:48:12	36
2018-11-04 07:58:12	36
2018-11-04 08:08:12	36
2018-11-04 08:18:12	36
2018-11-04 08:28:12	36
2018-11-04 08:38:12	36
2018-11-04 08:48:12	36
2018-11-04 08:58:12	36
2018-11-04 09:08:13	36
2018-11-04 09:18:13	36
2018-11-04 09:28:13	36
2018-11-04 09:38:13	36
2018-11-04 09:48:13	36
2018-11-04 09:58:13	36
2018-11-04 10:08:13	36
2018-11-04 10:18:13	36
2018-11-04 10:28:13	35
2018-11-04 10:38:13	35
2018-11-04 10:48:13	35
2018-11-04 10:58:13	35
2018-11-04 11:08:13	35
2018-11-04 11:18:13	35
2018-11-04 11:28:13	35
2018-11-04 11:38:13	35
2018-11-04 11:48:13	35
2018-11-04 11:58:13	35
2018-11-04 12:08:13	35
2018-11-04 12:18:13	35
2018-11-04 12:28:13	35
2018-11-04 12:38:13	35
2018-11-04 12:48:13	35
2018-11-04 12:58:13	35
2018-11-04 13:08:13	34
2018-11-04 13:18:13	34
2018-11-04 13:28:13	34
2018-11-04 13:38:13	34
2018-11-04 13:48:13	34
2018-11-04 13:58:13	34
2018-11-04 14:08:14	34
2018-11-04 14:18:14	34
2018-11-04 14:28:14	34
2018-11-04 14:38:14	34
2018-11-04 14:48:14	34
2018-11-04 14:58:14	34
2018-11-04 15:08:14	34
2018-11-04 15:18:14	34
2018-11-04 15:28:14	34
2018-11-04 15:38:14	34
2018-11-04 15:48:14	34
2018-11-04 15:58:14	34
2018-11-04 16:08:13	34
2018-11-04 16:18:13	34
2018-11-04 16:28:13	34
2018-11-04 16:38:13	34
2018-11-04 16:48:13	34
2018-11-04 16:58:13	34
2018-11-04 17:08:13	34
2018-11-04 17:18:13	34
2018-11-04 17:28:13	34
2018-11-04 17:38:13	34
2018-11-04 17:48:13	34
2018-11-04 17:58:13	34
2018-11-04 18:08:14	34
2018-11-04 18:18:14	34
2018-11-04 18:28:14	34
2018-11-04 18:38:14	34
2018-11-04 18:48:14	34
2018-11-04 18:58:14	34
2018-11-04 19:08:13	34
2018-11-04 19:18:13	34
2018-11-04 19:28:13	33
2018-11-04 19:38:13	33
2018-11-04 19:48:13	34
2018-11-04 19:58:13	35
2018-11-04 20:08:13	35
2018-11-04 20:18:13	35
2018-11-04 20:28:13	34
2018-11-04 20:38:13	34
2018-11-04 20:48:13	34
2018-11-04 20:58:13	34
2018-11-04 21:08:13	34
2018-11-04 21:18:13	34
2018-11-04 21:28:13	34
2018-11-04 21:38:13	34
2018-11-04 21:48:13	35
2018-11-04 21:58:13	35
2018-11-04 22:08:13	35
2018-11-04 22:18:13	35
2018-11-04 22:28:13	35
2018-11-04 22:38:13	35
2018-11-04 22:48:13	35
2018-11-04 22:58:13	35
2018-11-04 23:08:13	35
2018-11-04 23:18:13	35
2018-11-04 23:28:13	35
2018-11-04 23:38:13	35
2018-11-04 23:48:13	35
2018-11-04 23:58:13	35
2018-11-05 00:08:13	35
2018-11-05 00:18:13	35
2018-11-05 00:28:13	35
2018-11-05 00:38:13	35
2018-11-05 00:48:13	35
2018-11-05 00:58:13	35
2018-11-05 01:08:14	35
2018-11-05 01:18:14	35
2018-11-05 01:28:14	35
2018-11-05 01:38:14	35
2018-11-05 01:48:14	35
2018-11-05 01:58:14	35
2018-11-05 02:08:13	36
2018-11-05 02:18:13	36
2018-11-05 02:28:13	36
2018-11-05 02:38:13	36
2018-11-05 02:48:13	36
2018-11-05 02:58:13	36
2018-11-05 03:08:13	36
2018-11-05 03:18:13	35
2018-11-05 03:28:13	35
2018-11-05 03:38:13	36
2018-11-05 03:48:13	36
2018-11-05 03:58:13	36
2018-11-05 04:08:14	36
2018-11-05 04:18:14	36
2018-11-05 04:28:14	36
2018-11-05 04:38:14	36
2018-11-05 04:48:14	36
2018-11-05 04:58:14	36
2018-11-05 05:08:13	35
2018-11-05 05:18:13	36
2018-11-05 05:28:13	36
2018-11-05 05:38:13	36
2018-11-05 05:48:13	36
2018-11-05 05:58:13	36
2018-11-05 06:08:14	36
2018-11-05 06:18:14	36
2018-11-05 06:28:14	35
2018-11-05 06:38:14	36
2018-11-05 06:48:14	36
2018-11-05 06:58:14	36
2018-11-05 07:08:14	35
2018-11-05 07:18:14	35
2018-11-05 07:28:14	35
2018-11-05 07:38:14	35
2018-11-05 07:48:14	35
2018-11-05 07:58:14	35
2018-11-05 08:08:13	35
2018-11-05 08:18:13	35
2018-11-05 08:28:13	35
2018-11-05 08:38:13	35
2018-11-05 08:48:13	35
2018-11-05 08:58:13	35
2018-11-05 09:08:14	35
2018-11-05 09:18:14	35
2018-11-05 09:28:14	35
2018-11-05 09:38:14	35
2018-11-05 09:48:14	35
2018-11-05 09:58:14	35
2018-11-05 10:08:14	35
2018-11-05 10:18:14	35
2018-11-05 10:28:14	34
2018-11-05 10:38:14	34
2018-11-05 10:48:14	35
2018-11-05 10:58:14	34
2018-11-05 11:08:14	34
2018-11-05 11:18:14	34
2018-11-05 11:28:14	34
2018-11-05 11:38:14	34
2018-11-05 11:48:14	34
2018-11-05 11:58:14	34
2018-11-05 12:08:14	34
2018-11-05 12:18:14	34
2018-11-05 12:28:14	34
2018-11-05 12:38:14	34
2018-11-05 12:48:14	34
2018-11-05 12:58:14	34
2018-11-05 13:08:14	34
2018-11-05 13:18:14	34
2018-11-05 13:28:14	33
2018-11-05 13:38:14	33
2018-11-05 13:48:14	34
2018-11-05 13:58:14	35
2018-11-05 14:08:14	36
2018-11-05 14:18:14	37
2018-11-05 14:28:14	37
2018-11-05 14:38:14	36
2018-11-05 14:48:14	36
2018-11-05 14:58:14	36
2018-11-05 15:08:14	35
2018-11-05 15:18:14	35
2018-11-05 15:28:14	35
2018-11-05 15:38:14	35
2018-11-05 15:48:14	35
2018-11-05 15:58:14	34
2018-11-05 16:08:14	34
2018-11-05 16:18:14	34
2018-11-05 16:28:14	34
2018-11-05 16:38:14	34
2018-11-05 16:48:14	34
2018-11-05 16:58:14	34
2018-11-05 17:08:14	35
2018-11-05 17:18:14	36
2018-11-05 17:28:14	37
2018-11-05 17:38:14	37
2018-11-05 17:48:14	36
2018-11-05 17:58:14	36
2018-11-05 18:08:14	36
2018-11-05 18:18:14	36
2018-11-05 18:28:14	35
2018-11-05 18:38:14	35
2018-11-05 18:48:14	35
2018-11-05 18:58:14	35
2018-11-05 19:08:14	35
2018-11-05 19:18:14	35
2018-11-05 19:28:14	35
2018-11-05 19:38:14	35
2018-11-05 19:48:14	34
2018-11-05 19:58:14	34
2018-11-05 20:08:14	34
2018-11-05 20:18:14	34
2018-11-05 20:28:14	34
2018-11-05 20:38:14	34
2018-11-05 20:48:14	34
2018-11-05 20:58:14	34
2018-11-05 21:08:14	34
2018-11-05 21:18:14	34
2018-11-05 21:28:14	34
2018-11-05 21:38:14	34
2018-11-05 21:48:14	34
2018-11-05 21:58:14	34
2018-11-05 22:08:14	34
2018-11-05 22:18:14	34
2018-11-05 22:28:14	34
2018-11-05 22:38:14	34
2018-11-05 22:48:14	34
2018-11-05 22:58:14	34
2018-11-05 23:08:14	34
2018-11-05 23:18:14	34
2018-11-05 23:28:14	34
2018-11-05 23:38:14	34
2018-11-05 23:48:14	34
2018-11-05 23:58:14	34
2018-11-06 00:08:14	34
2018-11-06 00:18:14	35
2018-11-06 00:28:14	35
2018-11-06 00:38:14	34
2018-11-06 00:48:14	34
2018-11-06 00:58:14	35
2018-11-06 01:08:14	35
2018-11-06 01:18:14	35
2018-11-06 01:28:14	35
2018-11-06 01:38:14	35
2018-11-06 01:48:14	35
2018-11-06 01:58:14	35
2018-11-06 02:08:14	35
2018-11-06 02:18:14	35
2018-11-06 02:28:14	35
2018-11-06 02:38:14	35
2018-11-06 02:48:14	35
2018-11-06 02:58:14	35
2018-11-06 03:08:14	35
2018-11-06 03:18:14	35
2018-11-06 03:28:14	35
2018-11-06 03:38:14	35
2018-11-06 03:48:14	35
2018-11-06 03:58:14	35
2018-11-06 04:08:14	35
2018-11-06 04:18:14	35
2018-11-06 04:28:14	35
2018-11-06 04:38:14	35
2018-11-06 04:48:14	35
2018-11-06 04:58:14	35
2018-11-06 05:08:15	35
2018-11-06 05:18:15	35
2018-11-06 05:28:15	35
2018-11-06 05:38:15	35
2018-11-06 05:48:15	35
2018-11-06 05:58:15	35
2018-11-06 06:08:15	35
2018-11-06 06:18:15	35
2018-11-06 06:28:15	35
2018-11-06 06:38:15	35
2018-11-06 06:48:15	35
2018-11-06 06:58:15	34
2018-11-06 07:08:15	35
2018-11-06 07:18:15	34
2018-11-06 07:28:15	34
2018-11-06 07:38:15	34
2018-11-06 07:48:15	34
2018-11-06 07:58:15	34
2018-11-06 08:08:15	34
2018-11-06 08:18:15	34
2018-11-06 08:28:15	34
2018-11-06 08:38:15	34
2018-11-06 08:48:15	34
2018-11-06 08:58:15	34
2018-11-06 09:08:14	34
2018-11-06 09:18:14	34
2018-11-06 09:28:14	34
2018-11-06 09:38:14	34
2018-11-06 09:48:14	33
2018-11-06 09:58:14	33
2018-11-06 10:08:15	33
2018-11-06 10:18:15	33
2018-11-06 10:28:15	33
2018-11-06 10:38:15	33
2018-11-06 10:48:15	33
2018-11-06 10:58:15	33
2018-11-06 11:08:14	33
2018-11-06 11:18:14	33
2018-11-06 11:28:14	33
2018-11-06 11:38:14	33
2018-11-06 11:48:14	33
2018-11-06 11:58:14	33
2018-11-06 12:08:15	32
2018-11-06 12:18:15	32
2018-11-06 12:28:15	32
2018-11-06 12:38:15	32
2018-11-06 12:48:15	32
2018-11-06 12:58:15	32
2018-11-06 13:08:14	33
2018-11-06 13:18:14	34
2018-11-06 13:28:14	35
2018-11-06 13:38:14	36
2018-11-06 13:48:14	35
2018-11-06 13:58:14	35
2018-11-06 14:08:14	34
2018-11-06 14:18:14	34
2018-11-06 14:28:14	34
2018-11-06 14:38:14	34
2018-11-06 14:48:14	33
2018-11-06 14:58:14	33
2018-11-06 15:08:14	33
2018-11-06 15:18:14	33
2018-11-06 15:28:14	35
2018-11-06 15:38:14	34
2018-11-06 15:48:14	34
2018-11-06 15:58:14	34
2018-11-06 16:08:14	34
2018-11-06 16:18:14	34
2018-11-06 16:28:14	35
2018-11-06 16:38:14	36
2018-11-06 16:48:14	37
2018-11-06 16:58:14	37
2018-11-06 17:08:14	37
2018-11-06 17:18:14	38
2018-11-06 17:28:14	38
2018-11-06 17:38:14	38
2018-11-06 17:48:14	37
2018-11-06 17:58:14	37
2018-11-06 18:08:15	36
2018-11-06 18:18:15	36
2018-11-06 18:28:15	36
2018-11-06 18:38:15	36
2018-11-06 18:48:15	35
2018-11-06 18:58:15	36
2018-11-06 19:08:15	36
2018-11-06 19:18:15	36
2018-11-06 19:28:15	36
2018-11-06 19:38:15	36
2018-11-06 19:48:15	35
2018-11-06 19:58:15	35
2018-11-06 20:08:15	35
2018-11-06 20:18:15	35
2018-11-06 20:28:15	35
2018-11-06 20:38:15	35
2018-11-06 20:48:15	35
2018-11-06 20:58:15	35
2018-11-06 21:08:15	34
2018-11-06 21:18:15	34
2018-11-06 21:28:15	34
2018-11-06 21:38:15	34
2018-11-06 21:48:15	34
2018-11-06 21:58:15	34
2018-11-06 22:08:15	34
2018-11-06 22:18:15	34
2018-11-06 22:28:15	34
2018-11-06 22:38:15	34
2018-11-06 22:48:15	34
2018-11-06 22:58:15	34
2018-11-06 23:08:15	34
2018-11-06 23:18:15	35
2018-11-06 23:28:15	34
2018-11-06 23:38:15	34
2018-11-06 23:48:15	34
2018-11-06 23:58:15	34
2018-11-07 00:08:15	34
2018-11-07 00:18:15	34
2018-11-07 00:28:15	34
2018-11-07 00:38:15	35
2018-11-07 00:48:15	35
2018-11-07 00:58:15	35
2018-11-07 01:08:15	36
2018-11-07 01:18:15	36
2018-11-07 01:28:15	36
2018-11-07 01:38:15	36
2018-11-07 01:48:15	36
2018-11-07 01:58:15	36
2018-11-07 02:08:15	36
2018-11-07 02:18:15	36
2018-11-07 02:28:15	36
2018-11-07 02:38:15	36
2018-11-07 02:48:15	36
2018-11-07 02:58:15	36
2018-11-07 03:08:15	36
2018-11-07 03:18:15	36
2018-11-07 03:28:15	36
2018-11-07 03:38:15	36
2018-11-07 03:48:15	35
2018-11-07 03:58:15	35
2018-11-07 04:08:15	35
2018-11-07 04:18:15	35
2018-11-07 04:28:15	35
2018-11-07 04:38:15	35
2018-11-07 04:48:15	35
2018-11-07 04:58:15	35
2018-11-07 05:08:15	35
2018-11-07 05:18:15	35
2018-11-07 05:28:15	35
2018-11-07 05:38:15	35
2018-11-07 05:48:15	35
2018-11-07 05:58:15	35
2018-11-07 06:08:15	35
2018-11-07 06:18:15	35
2018-11-07 06:28:15	35
2018-11-07 06:38:15	35
2018-11-07 06:48:15	35
2018-11-07 06:58:15	35
2018-11-07 07:08:15	35
2018-11-07 07:18:15	35
2018-11-07 07:28:15	35
2018-11-07 07:38:15	35
2018-11-07 07:48:15	35
2018-11-07 07:58:15	35
2018-11-07 08:08:15	34
2018-11-07 08:18:15	34
2018-11-07 08:28:15	34
2018-11-07 08:38:15	34
2018-11-07 08:48:15	34
2018-11-07 08:58:15	34
2018-11-07 09:08:16	34
2018-11-07 09:18:16	34
2018-11-07 09:28:16	34
2018-11-07 09:38:16	34
2018-11-07 09:48:16	34
2018-11-07 09:58:16	34
2018-11-07 10:08:15	34
2018-11-07 10:18:15	34
2018-11-07 10:28:15	34
2018-11-07 10:38:15	34
2018-11-07 10:48:15	34
2018-11-07 10:58:15	33
2018-11-07 11:08:15	33
2018-11-07 11:18:15	33
2018-11-07 11:28:15	33
2018-11-07 11:38:15	33
2018-11-07 11:48:15	33
2018-11-07 11:58:15	33
2018-11-07 12:08:16	33
2018-11-07 12:18:16	33
2018-11-07 12:28:16	33
2018-11-07 12:38:16	33
2018-11-07 12:48:16	33
2018-11-07 12:58:16	33
2018-11-07 13:08:15	33
2018-11-07 13:18:15	32
2018-11-07 13:28:15	32
2018-11-07 13:38:15	32
2018-11-07 13:48:15	32
2018-11-07 13:58:15	32
2018-11-07 14:08:16	32
2018-11-07 14:18:16	32
2018-11-07 14:28:16	32
2018-11-07 14:38:16	32
2018-11-07 14:48:16	33
2018-11-07 14:58:16	34
2018-11-07 15:08:15	35
2018-11-07 15:18:15	36
2018-11-07 15:28:15	37
2018-11-07 15:38:15	36
2018-11-07 15:48:15	36
2018-11-07 15:58:15	37
2018-11-07 16:08:15	36
2018-11-07 16:18:15	36
2018-11-07 16:28:15	35
2018-11-07 16:38:15	35
2018-11-07 16:48:15	35
2018-11-07 16:58:15	35
2018-11-07 17:08:16	35
2018-11-07 17:18:16	34
2018-11-07 17:28:16	34
2018-11-07 17:38:16	34
2018-11-07 17:48:16	34
2018-11-07 17:58:16	34
2018-11-07 18:08:16	34
2018-11-07 18:18:16	34
2018-11-07 18:28:16	34
2018-11-07 18:38:16	33
2018-11-07 18:48:16	33
2018-11-07 18:58:16	33
2018-11-07 19:08:16	33
2018-11-07 19:18:16	33
2018-11-07 19:28:16	33
2018-11-07 19:38:16	33
2018-11-07 19:48:16	33
2018-11-07 19:58:16	33
2018-11-07 20:08:16	33
2018-11-07 20:18:16	33
2018-11-07 20:28:16	32
2018-11-07 20:38:16	32
2018-11-07 20:48:16	32
2018-11-07 20:58:16	32
2018-11-07 21:08:15	32
2018-11-07 21:18:15	32
2018-11-07 21:28:15	32
2018-11-07 21:38:15	32
2018-11-07 21:48:15	32
2018-11-07 21:58:15	32
2018-11-07 22:08:16	32
2018-11-07 22:18:16	33
2018-11-07 22:28:16	33
2018-11-07 22:38:16	32
2018-11-07 22:48:16	32
2018-11-07 22:58:16	32
2018-11-07 23:08:15	33
2018-11-07 23:18:15	33
2018-11-07 23:28:15	33
2018-11-07 23:38:15	33
2018-11-07 23:48:15	33
2018-11-07 23:58:15	33
2018-11-08 00:08:16	33
2018-11-08 00:18:16	33
2018-11-08 00:28:16	33
2018-11-08 00:38:16	33
2018-11-08 00:48:16	33
2018-11-08 00:58:16	33
2018-11-08 01:08:16	33
2018-11-08 01:18:16	33
2018-11-08 01:28:16	33
2018-11-08 01:38:16	33
2018-11-08 01:48:16	33
2018-11-08 01:58:16	33
2018-11-08 02:08:16	33
2018-11-08 02:18:16	33
2018-11-08 02:28:16	33
2018-11-08 02:38:16	33
2018-11-08 02:48:16	35
2018-11-08 02:58:16	35
2018-11-08 03:08:16	36
2018-11-08 03:18:16	36
2018-11-08 03:28:16	36
2018-11-08 03:38:16	36
2018-11-08 03:48:16	35
2018-11-08 03:58:16	35
2018-11-08 04:08:16	35
2018-11-08 04:18:16	35
2018-11-08 04:28:16	35
2018-11-08 04:38:16	35
2018-11-08 04:48:16	35
2018-11-08 04:58:16	36
2018-11-08 05:08:16	36
2018-11-08 05:18:16	36
2018-11-08 05:28:16	35
2018-11-08 05:38:16	35
2018-11-08 05:48:16	35
2018-11-08 05:58:16	35
2018-11-08 06:08:16	35
2018-11-08 06:18:16	35
2018-11-08 06:28:16	35
2018-11-08 06:38:16	35
2018-11-08 06:48:16	35
2018-11-08 06:58:16	35
2018-11-08 07:08:16	35
2018-11-08 07:18:16	34
2018-11-08 07:28:16	34
2018-11-08 07:38:16	34
2018-11-08 07:48:16	34
2018-11-08 07:58:16	34
2018-11-08 08:08:16	34
2018-11-08 08:18:16	34
2018-11-08 08:28:16	35
2018-11-08 08:38:16	36
2018-11-08 08:48:16	36
2018-11-08 08:58:16	35
2018-11-08 09:08:16	35
2018-11-08 09:18:16	35
2018-11-08 09:28:16	34
2018-11-08 09:38:16	34
2018-11-08 09:48:16	34
2018-11-08 09:58:16	34
2018-11-08 10:08:17	34
2018-11-08 10:18:17	34
2018-11-08 10:28:17	34
2018-11-08 10:38:17	34
2018-11-08 10:48:17	34
2018-11-08 10:58:17	33
2018-11-08 11:08:16	33
2018-11-08 11:18:16	33
2018-11-08 11:28:16	33
2018-11-08 11:38:16	33
2018-11-08 11:48:16	33
2018-11-08 11:58:16	33
2018-11-08 12:08:16	33
2018-11-08 12:18:16	33
2018-11-08 12:28:16	33
2018-11-08 12:38:16	33
2018-11-08 12:48:16	32
2018-11-08 12:58:16	32
2018-11-08 13:08:16	32
2018-11-08 13:18:16	32
2018-11-08 13:28:16	32
2018-11-08 13:38:16	33
2018-11-08 13:48:16	34
2018-11-08 13:58:16	35
2018-11-08 14:08:16	36
2018-11-08 14:18:16	37
2018-11-08 14:28:16	37
2018-11-08 14:38:16	37
2018-11-08 14:48:16	38
2018-11-08 14:58:16	37
2018-11-08 15:08:16	36
2018-11-08 15:18:16	36
2018-11-08 15:28:16	36
2018-11-08 15:38:16	36
2018-11-08 15:48:16	35
2018-11-08 15:58:16	35
2018-11-08 16:08:16	35
2018-11-08 16:18:16	35
2018-11-08 16:28:16	35
2018-11-08 16:38:16	34
2018-11-08 16:48:16	34
2018-11-08 16:58:16	34
2018-11-08 17:08:16	34
2018-11-08 17:18:16	34
2018-11-08 17:28:16	34
2018-11-08 17:38:16	34
2018-11-08 17:48:16	33
2018-11-08 17:58:16	33
2018-11-08 18:08:16	33
2018-11-08 18:18:16	33
2018-11-08 18:28:16	33
2018-11-08 18:38:16	33
2018-11-08 18:48:16	33
2018-11-08 18:58:16	33
2018-11-08 19:08:17	33
2018-11-08 19:18:17	32
2018-11-08 19:28:17	32
2018-11-08 19:38:17	32
2018-11-08 19:48:17	32
2018-11-08 19:58:17	32
2018-11-08 20:08:17	32
2018-11-08 20:18:17	32
2018-11-08 20:28:17	32
2018-11-08 20:38:17	32
2018-11-08 20:48:17	33
2018-11-08 20:58:17	32
2018-11-08 21:08:16	32
2018-11-08 21:18:16	32
2018-11-08 21:28:16	32
2018-11-08 21:38:16	32
2018-11-08 21:48:16	32
2018-11-08 21:58:16	32
2018-11-08 22:08:16	32
2018-11-08 22:18:16	32
2018-11-08 22:28:16	32
2018-11-08 22:38:16	32
2018-11-08 22:48:16	32
2018-11-08 22:58:16	32
2018-11-08 23:08:17	32
2018-11-08 23:18:17	32
2018-11-08 23:28:17	32
2018-11-08 23:38:17	32
2018-11-08 23:48:17	32
2018-11-08 23:58:17	32
2018-11-09 00:08:16	32
2018-11-09 00:18:16	32
2018-11-09 00:28:16	33
2018-11-09 00:38:16	33
2018-11-09 00:48:16	33
2018-11-09 00:58:16	33
2018-11-09 01:08:16	33
2018-11-09 01:18:16	33
2018-11-09 01:28:16	33
2018-11-09 01:38:16	33
2018-11-09 01:48:16	33
2018-11-09 01:58:16	33
2018-11-09 02:08:17	33
2018-11-09 02:18:17	33
2018-11-09 02:28:17	33
2018-11-09 02:38:17	33
2018-11-09 02:48:17	33
2018-11-09 02:58:17	33
2018-11-09 03:08:17	33
2018-11-09 03:18:17	33
2018-11-09 03:28:17	33
2018-11-09 03:38:17	33
2018-11-09 03:48:17	34
2018-11-09 03:58:17	35
2018-11-09 04:08:16	36
2018-11-09 04:18:16	35
2018-11-09 04:28:16	35
2018-11-09 04:38:16	35
2018-11-09 04:48:16	34
2018-11-09 04:58:16	34
2018-11-09 05:08:16	34
2018-11-09 05:18:16	34
2018-11-09 05:28:16	34
2018-11-09 05:38:16	34
2018-11-09 05:48:16	34
2018-11-09 05:58:16	34
2018-11-09 06:08:17	34
2018-11-09 06:18:17	35
2018-11-09 06:28:17	36
2018-11-09 06:38:17	36
2018-11-09 06:48:17	36
2018-11-09 06:58:17	35
2018-11-09 07:08:17	35
2018-11-09 07:18:17	35
2018-11-09 07:28:17	35
2018-11-09 07:38:17	35
2018-11-09 07:48:17	34
2018-11-09 07:58:17	34
2018-11-09 08:08:17	34
2018-11-09 08:18:17	34
2018-11-09 08:28:17	35
2018-11-09 08:38:17	36
2018-11-09 08:48:17	36
2018-11-09 08:58:17	36
2018-11-09 09:08:16	35
2018-11-09 09:18:16	35
2018-11-09 09:28:16	35
2018-11-09 09:38:16	35
2018-11-09 09:48:16	34
2018-11-09 09:58:16	34
2018-11-09 10:08:16	34
2018-11-09 10:18:16	34
2018-11-09 10:28:16	34
2018-11-09 10:38:16	34
2018-11-09 10:48:16	33
2018-11-09 10:58:16	33
2018-11-09 11:08:16	33
2018-11-09 11:18:16	33
2018-11-09 11:28:16	33
2018-11-09 11:38:16	33
2018-11-09 11:48:16	33
2018-11-09 11:58:16	33
2018-11-09 12:08:17	33
2018-11-09 12:18:17	32
2018-11-09 12:28:17	32
2018-11-09 12:38:17	32
2018-11-09 12:48:17	32
2018-11-09 12:58:17	32
2018-11-09 13:08:17	32
2018-11-09 13:18:17	32
2018-11-09 13:28:17	32
2018-11-09 13:38:17	32
2018-11-09 13:48:17	33
2018-11-09 13:58:17	34
2018-11-09 14:08:17	34
2018-11-09 14:18:17	33
2018-11-09 14:28:17	33
2018-11-09 14:38:17	33
2018-11-09 14:48:17	32
2018-11-09 14:58:17	32
2018-11-09 15:08:17	32
2018-11-09 15:18:17	32
2018-11-09 15:28:17	32
2018-11-09 15:38:17	32
2018-11-09 15:48:17	32
2018-11-09 15:58:17	32
2018-11-09 16:08:17	33
2018-11-09 16:18:17	34
2018-11-09 16:28:17	35
2018-11-09 16:38:17	35
2018-11-09 16:48:17	36
2018-11-09 16:58:17	35
2018-11-09 17:08:17	34
2018-11-09 17:18:17	34
2018-11-09 17:28:17	34
2018-11-09 17:38:17	34
2018-11-09 17:48:17	33
2018-11-09 17:58:17	33
2018-11-09 18:08:17	34
2018-11-09 18:18:17	35
2018-11-09 18:28:17	36
2018-11-09 18:38:17	38
2018-11-09 18:48:17	39
2018-11-09 18:58:17	39
2018-11-09 19:08:17	38
2018-11-09 19:18:17	38
2018-11-09 19:28:17	37
2018-11-09 19:38:17	36
2018-11-09 19:48:17	36
2018-11-09 19:58:17	36
2018-11-09 20:08:18	35
2018-11-09 20:18:18	35
2018-11-09 20:28:18	35
2018-11-09 20:38:18	34
2018-11-09 20:48:18	34
2018-11-09 20:58:18	34
2018-11-09 21:08:17	34
2018-11-09 21:18:17	34
2018-11-09 21:28:17	34
2018-11-09 21:38:17	34
2018-11-09 21:48:17	34
2018-11-09 21:58:17	34
2018-11-09 22:08:17	33
2018-11-09 22:18:17	33
2018-11-09 22:28:17	33
2018-11-09 22:38:17	33
2018-11-09 22:48:17	33
2018-11-09 22:58:17	33
2018-11-09 23:08:17	33
2018-11-09 23:18:17	33
2018-11-09 23:28:17	33
2018-11-09 23:38:17	33
2018-11-09 23:48:17	35
2018-11-09 23:58:17	36
2018-11-10 00:08:17	36
2018-11-10 00:18:17	37
2018-11-10 00:28:17	38
2018-11-10 00:38:17	39
2018-11-10 00:48:17	41
2018-11-10 00:58:17	42
2018-11-10 01:08:17	43
2018-11-10 01:18:17	44
2018-11-10 01:28:17	45
2018-11-10 01:38:17	45
2018-11-10 01:48:17	45
2018-11-10 01:58:17	45
2018-11-10 02:08:18	43
2018-11-10 02:18:18	42
2018-11-10 02:28:18	41
2018-11-10 02:38:18	41
2018-11-10 02:48:18	38
2018-11-10 02:58:18	38
2018-11-10 03:08:17	37
2018-11-10 03:18:17	37
2018-11-10 03:28:17	37
2018-11-10 03:38:17	37
2018-11-10 03:48:17	38
2018-11-10 03:58:17	38
2018-11-10 04:08:18	38
2018-11-10 04:18:18	38
2018-11-10 04:28:18	37
2018-11-10 04:38:18	37
2018-11-10 04:48:18	37
2018-11-10 04:58:18	36
2018-11-10 05:08:17	36
2018-11-10 05:18:17	36
2018-11-10 05:28:17	36
2018-11-10 05:38:17	36
2018-11-10 05:48:17	36
2018-11-10 05:58:17	36
2018-11-10 06:08:17	36
2018-11-10 06:18:17	37
2018-11-10 06:28:17	38
2018-11-10 06:38:17	40
2018-11-10 06:48:17	42
2018-11-10 06:58:17	43
2018-11-10 07:08:17	44
2018-11-10 07:18:17	45
2018-11-10 07:28:17	45
2018-11-10 07:38:17	45
2018-11-10 07:48:17	45
2018-11-10 07:58:17	45
2018-11-10 08:08:18	45
2018-11-10 08:18:18	45
2018-11-10 08:28:18	45
2018-11-10 08:38:18	45
2018-11-10 08:48:18	45
2018-11-10 08:58:18	45
2018-11-10 09:08:17	45
2018-11-10 09:18:17	45
2018-11-10 09:28:17	45
2018-11-10 09:38:17	45
2018-11-10 09:48:17	45
2018-11-10 09:58:17	45
2018-11-10 10:08:18	46
2018-11-10 10:18:18	46
2018-11-10 10:28:18	46
2018-11-10 10:38:18	46
2018-11-10 10:48:18	46
2018-11-10 10:58:18	46
2018-11-10 11:08:18	43
2018-11-10 11:18:18	42
2018-11-10 11:28:18	40
2018-11-10 11:38:18	39
2018-11-10 11:48:18	38
2018-11-10 11:58:18	38
2018-11-10 12:08:18	37
2018-11-10 12:18:18	37
2018-11-10 12:28:18	37
2018-11-10 12:38:18	36
2018-11-10 12:48:18	36
2018-11-10 12:58:18	36
2018-11-10 13:08:17	36
2018-11-10 13:18:17	35
2018-11-10 13:28:17	35
2018-11-10 13:38:17	35
2018-11-10 13:48:17	35
2018-11-10 13:58:17	35
2018-11-10 14:08:18	35
2018-11-10 14:18:18	34
2018-11-10 14:28:18	34
2018-11-10 14:38:18	34
2018-11-10 14:48:18	34
2018-11-10 14:58:18	34
2018-11-10 15:08:18	33
2018-11-10 15:18:18	33
2018-11-10 15:28:18	33
2018-11-10 15:38:18	33
2018-11-10 15:48:18	34
2018-11-10 15:58:18	35
2018-11-10 16:08:18	36
2018-11-10 16:18:18	36
2018-11-10 16:28:18	37
2018-11-10 16:38:18	37
2018-11-10 16:48:18	36
2018-11-10 16:58:18	36
2018-11-10 17:08:18	35
2018-11-10 17:18:18	35
2018-11-10 17:28:18	35
2018-11-10 17:38:18	34
2018-11-10 17:48:18	35
2018-11-10 17:58:18	35
2018-11-10 18:08:18	35
2018-11-10 18:18:18	35
2018-11-10 18:28:18	35
2018-11-10 18:38:18	34
2018-11-10 18:48:18	34
2018-11-10 18:58:18	34
2018-11-10 19:08:18	34
2018-11-10 19:18:18	34
2018-11-10 19:28:18	34
2018-11-10 19:38:18	34
2018-11-10 19:48:18	34
2018-11-10 19:58:18	34
2018-11-10 20:08:18	34
2018-11-10 20:18:18	34
2018-11-10 20:28:18	35
2018-11-10 20:38:18	37
2018-11-10 20:48:18	39
2018-11-10 20:58:18	41
2018-11-10 21:08:18	42
2018-11-10 21:18:18	42
2018-11-10 21:28:18	43
2018-11-10 21:38:18	43
2018-11-10 21:48:18	43
2018-11-10 21:58:18	43
2018-11-10 22:08:19	43
2018-11-10 22:18:19	43
2018-11-10 22:28:19	43
2018-11-10 22:38:19	43
2018-11-10 22:48:19	43
2018-11-10 22:58:19	41
2018-11-10 23:08:18	38
2018-11-10 23:18:18	37
2018-11-10 23:28:18	36
2018-11-10 23:38:18	36
2018-11-10 23:48:18	35
2018-11-10 23:58:18	36
2018-11-11 00:08:18	36
2018-11-11 00:18:18	36
2018-11-11 00:28:18	37
2018-11-11 00:38:18	38
2018-11-11 00:48:18	39
2018-11-11 00:58:18	41
2018-11-11 01:08:18	41
2018-11-11 01:18:18	41
2018-11-11 01:28:18	42
2018-11-11 01:38:18	42
2018-11-11 01:48:18	42
2018-11-11 01:58:18	42
2018-11-11 02:08:18	41
2018-11-11 02:18:18	41
2018-11-11 02:28:18	42
2018-11-11 02:38:18	41
2018-11-11 02:48:18	41
2018-11-11 02:58:18	41
2018-11-11 03:08:18	41
2018-11-11 03:18:18	41
2018-11-11 03:28:18	42
2018-11-11 03:38:18	42
2018-11-11 03:48:18	42
2018-11-11 03:58:18	42
2018-11-11 04:08:19	42
2018-11-11 04:18:19	42
2018-11-11 04:28:19	42
2018-11-11 04:38:19	42
2018-11-11 04:48:19	42
2018-11-11 04:58:19	42
2018-11-11 05:08:19	42
2018-11-11 05:18:19	43
2018-11-11 05:28:19	43
2018-11-11 05:38:19	43
2018-11-11 05:48:19	43
2018-11-11 05:58:19	43
2018-11-11 06:08:18	43
2018-11-11 06:18:18	44
2018-11-11 06:28:18	44
2018-11-11 06:38:18	45
2018-11-11 06:48:18	43
2018-11-11 06:58:18	42
2018-11-11 07:08:18	41
2018-11-11 07:18:18	39
2018-11-11 07:28:18	38
2018-11-11 07:38:18	37
2018-11-11 07:48:18	37
2018-11-11 07:58:18	37
2018-11-11 08:08:18	36
2018-11-11 08:18:18	36
2018-11-11 08:28:18	36
2018-11-11 08:38:18	35
2018-11-11 08:48:18	35
2018-11-11 08:58:18	35
2018-11-11 09:08:19	35
2018-11-11 09:18:19	35
2018-11-11 09:28:19	34
2018-11-11 09:38:19	34
2018-11-11 09:48:19	34
2018-11-11 09:58:19	34
2018-11-11 10:08:19	34
2018-11-11 10:18:19	34
2018-11-11 10:28:19	34
2018-11-11 10:38:19	33
2018-11-11 10:48:19	33
2018-11-11 10:58:19	33
2018-11-11 11:08:19	33
2018-11-11 11:18:19	33
2018-11-11 11:28:19	34
2018-11-11 11:38:19	34
2018-11-11 11:48:19	33
2018-11-11 11:58:19	33
2018-11-11 12:08:18	33
2018-11-11 12:18:18	33
2018-11-11 12:28:18	33
2018-11-11 12:38:18	33
2018-11-11 12:48:18	34
2018-11-11 12:58:18	34
2018-11-11 13:08:18	34
2018-11-11 13:18:18	33
2018-11-11 13:28:18	33
2018-11-11 13:38:18	33
2018-11-11 13:48:18	34
2018-11-11 13:58:18	34
2018-11-11 14:08:19	33
2018-11-11 14:18:19	33
2018-11-11 14:28:19	33
2018-11-11 14:38:19	33
2018-11-11 14:48:19	34
2018-11-11 14:58:19	34
2018-11-11 15:08:19	33
2018-11-11 15:18:19	33
2018-11-11 15:28:19	34
2018-11-11 15:38:19	35
2018-11-11 15:48:19	36
2018-11-11 15:58:19	36
2018-11-11 16:08:19	37
2018-11-11 16:18:19	37
2018-11-11 16:28:19	37
2018-11-11 16:38:19	37
2018-11-11 16:48:19	36
2018-11-11 16:58:19	35
2018-11-11 17:08:19	35
2018-11-11 17:18:19	35
2018-11-11 17:28:19	35
2018-11-11 17:38:19	35
2018-11-11 17:48:19	34
2018-11-11 17:58:19	34
2018-11-11 18:08:19	34
2018-11-11 18:18:19	34
2018-11-11 18:28:19	34
2018-11-11 18:38:19	34
2018-11-11 18:48:19	34
2018-11-11 18:58:19	35
2018-11-11 19:08:18	36
2018-11-11 19:18:18	36
2018-11-11 19:28:18	35
2018-11-11 19:38:18	35
2018-11-11 19:48:18	35
2018-11-11 19:58:18	34
2018-11-11 20:08:19	34
2018-11-11 20:18:19	34
2018-11-11 20:28:19	34
2018-11-11 20:38:19	34
2018-11-11 20:48:19	34
2018-11-11 20:58:19	34
2018-11-11 21:08:18	34
2018-11-11 21:18:18	34
2018-11-11 21:28:18	36
2018-11-11 21:38:18	39
2018-11-11 21:48:18	41
2018-11-11 21:58:18	42
2018-11-11 22:08:19	43
2018-11-11 22:18:19	43
2018-11-11 22:28:19	43
2018-11-11 22:38:19	43
2018-11-11 22:48:19	43
2018-11-11 22:58:19	43
2018-11-11 23:08:19	43
2018-11-11 23:18:19	43
2018-11-11 23:28:19	43
2018-11-11 23:38:19	43
2018-11-11 23:48:19	44
2018-11-11 23:58:19	45
2018-11-12 00:08:19	45
2018-11-12 00:18:19	45
2018-11-12 00:28:19	45
2018-11-12 00:38:19	45
2018-11-12 00:48:19	45
2018-11-12 00:58:19	45
2018-11-12 01:08:19	45
2018-11-12 01:18:19	45
2018-11-12 01:28:19	45
2018-11-12 01:38:19	45
2018-11-12 01:48:19	45
2018-11-12 01:58:19	45
2018-11-12 02:08:19	45
2018-11-12 02:18:19	45
2018-11-12 02:28:19	45
2018-11-12 02:38:19	45
2018-11-12 02:48:19	46
2018-11-12 02:58:19	46
2018-11-12 03:08:19	46
2018-11-12 03:18:19	46
2018-11-12 03:28:19	46
2018-11-12 03:38:19	45
2018-11-12 03:48:19	45
2018-11-12 03:58:19	45
2018-11-12 04:08:19	45
2018-11-12 04:18:19	46
2018-11-12 04:28:19	46
2018-11-12 04:38:19	46
2018-11-12 04:48:19	46
2018-11-12 04:58:19	46
2018-11-12 05:08:19	46
2018-11-12 05:18:19	45
2018-11-12 05:28:19	45
2018-11-12 05:38:19	45
2018-11-12 05:48:19	45
2018-11-12 05:58:19	45
2018-11-12 06:08:19	45
2018-11-12 06:18:19	45
2018-11-12 06:28:19	45
2018-11-12 06:38:19	45
2018-11-12 06:48:19	45
2018-11-12 06:58:19	45
2018-11-12 07:08:19	42
2018-11-12 07:18:19	41
2018-11-12 07:28:19	39
2018-11-12 07:38:19	39
2018-11-12 07:48:19	38
2018-11-12 07:58:19	38
2018-11-12 08:08:19	37
2018-11-12 08:18:19	37
2018-11-12 08:28:19	37
2018-11-12 08:38:19	36
2018-11-12 08:48:19	36
2018-11-12 08:58:19	36
2018-11-12 09:08:19	36
2018-11-12 09:18:19	36
2018-11-12 09:28:19	36
2018-11-12 09:38:19	35
2018-11-12 09:48:19	35
2018-11-12 09:58:19	35
2018-11-12 10:08:19	35
2018-11-12 10:18:19	35
2018-11-12 10:28:19	34
2018-11-12 10:38:19	34
2018-11-12 10:48:19	34
2018-11-12 10:58:19	34
2018-11-12 11:08:19	34
2018-11-12 11:18:19	34
2018-11-12 11:28:19	34
2018-11-12 11:38:19	34
2018-11-12 11:48:19	33
2018-11-12 11:58:19	33
2018-11-12 12:08:20	33
2018-11-12 12:18:20	33
2018-11-12 12:28:20	33
2018-11-12 12:38:20	33
2018-11-12 12:48:20	33
2018-11-12 12:58:20	33
2018-11-12 13:08:19	33
2018-11-12 13:18:19	32
2018-11-12 13:28:19	32
2018-11-12 13:38:19	32
2018-11-12 13:48:19	33
2018-11-12 13:58:19	33
2018-11-12 14:08:19	33
2018-11-12 14:18:19	33
2018-11-12 14:28:19	33
2018-11-12 14:38:19	32
2018-11-12 14:48:19	32
2018-11-12 14:58:19	33
2018-11-12 15:08:20	34
2018-11-12 15:18:20	35
2018-11-12 15:28:20	35
2018-11-12 15:38:20	36
2018-11-12 15:48:20	35
2018-11-12 15:58:20	34
2018-11-12 16:08:20	34
2018-11-12 16:18:20	34
2018-11-12 16:28:20	33
2018-11-12 16:38:20	34
2018-11-12 16:48:20	35
2018-11-12 16:58:20	34
2018-11-12 17:08:20	34
2018-11-12 17:18:20	34
2018-11-12 17:28:20	34
2018-11-12 17:38:20	34
2018-11-12 17:48:20	33
2018-11-12 17:58:20	33
2018-11-12 18:08:19	34
2018-11-12 18:18:19	35
2018-11-12 18:28:19	35
2018-11-12 18:38:19	36
2018-11-12 18:48:19	35
2018-11-12 18:58:19	35
2018-11-12 19:08:19	35
2018-11-12 19:18:19	35
2018-11-12 19:28:19	34
2018-11-12 19:38:19	34
2018-11-12 19:48:19	34
2018-11-12 19:58:19	34
2018-11-12 20:08:19	34
2018-11-12 20:18:19	34
2018-11-12 20:28:19	34
2018-11-12 20:38:19	34
2018-11-12 20:48:19	34
2018-11-12 20:58:19	34
2018-11-12 21:08:20	35
2018-11-12 21:18:20	36
2018-11-12 21:28:20	36
2018-11-12 21:38:20	37
2018-11-12 21:48:20	39
2018-11-12 21:58:20	41
2018-11-12 22:08:20	41
2018-11-12 22:18:20	42
2018-11-12 22:28:20	42
2018-11-12 22:38:20	42
2018-11-12 22:48:20	42
2018-11-12 22:58:20	42
2018-11-12 23:08:19	42
2018-11-12 23:18:19	42
2018-11-12 23:28:19	42
2018-11-12 23:38:19	42
2018-11-12 23:48:19	42
2018-11-12 23:58:19	43
2018-11-13 00:08:19	43
2018-11-13 00:18:19	43
2018-11-13 00:28:19	44
2018-11-13 00:38:19	45
2018-11-13 00:48:19	45
2018-11-13 00:58:19	45
2018-11-13 01:08:19	45
2018-11-13 01:18:19	45
2018-11-13 01:28:19	45
2018-11-13 01:38:19	45
2018-11-13 01:48:19	45
2018-11-13 01:58:19	45
2018-11-13 02:08:19	45
2018-11-13 02:18:19	42
2018-11-13 02:28:19	41
2018-11-13 02:38:19	39
2018-11-13 02:48:19	38
2018-11-13 02:58:19	38
2018-11-13 03:08:19	37
2018-11-13 03:18:19	37
2018-11-13 03:28:19	37
2018-11-13 03:38:19	38
2018-11-13 03:48:19	37
2018-11-13 03:58:19	37
2018-11-13 04:08:20	37
2018-11-13 04:18:20	37
2018-11-13 04:28:20	36
2018-11-13 04:38:20	36
2018-11-13 04:48:20	36
2018-11-13 04:58:20	36
2018-11-13 05:08:20	36
2018-11-13 05:18:20	36
2018-11-13 05:28:20	36
2018-11-13 05:38:20	36
2018-11-13 05:48:20	36
2018-11-13 05:58:20	36
2018-11-13 06:08:20	36
2018-11-13 06:18:20	37
2018-11-13 06:28:20	38
2018-11-13 06:38:20	38
2018-11-13 06:48:20	38
2018-11-13 06:58:20	38
2018-11-13 07:08:20	38
2018-11-13 07:18:20	38
2018-11-13 07:28:20	37
2018-11-13 07:38:20	37
2018-11-13 07:48:20	37
2018-11-13 07:58:20	37
2018-11-13 08:08:20	37
2018-11-13 08:18:20	37
2018-11-13 08:28:20	38
2018-11-13 08:38:20	38
2018-11-13 08:48:20	38
2018-11-13 08:58:20	38
2018-11-13 09:08:20	38
2018-11-13 09:18:20	38
2018-11-13 09:28:20	38
2018-11-13 09:38:20	38
2018-11-13 09:48:20	38
2018-11-13 09:58:20	37
2018-11-13 10:08:19	37
2018-11-13 10:18:19	37
2018-11-13 10:28:19	37
2018-11-13 10:38:19	37
2018-11-13 10:48:19	37
2018-11-13 10:58:19	36
2018-11-13 11:08:20	36
2018-11-13 11:18:20	36
2018-11-13 11:28:20	36
2018-11-13 11:38:20	36
2018-11-13 11:48:20	36
2018-11-13 11:58:20	36
2018-11-13 12:08:20	36
2018-11-13 12:18:20	36
2018-11-13 12:28:20	36
2018-11-13 12:38:20	35
2018-11-13 12:48:20	35
2018-11-13 12:58:20	35
2018-11-13 13:08:20	35
2018-11-13 13:18:20	35
2018-11-13 13:28:20	36
2018-11-13 13:38:20	36
2018-11-13 13:48:20	36
2018-11-13 13:58:20	35
2018-11-13 14:08:20	35
2018-11-13 14:18:20	35
2018-11-13 14:28:20	34
2018-11-13 14:38:20	34
2018-11-13 14:48:20	36
2018-11-13 14:58:20	36
2018-11-13 15:08:20	37
2018-11-13 15:18:20	37
2018-11-13 15:28:20	37
2018-11-13 15:38:20	38
2018-11-13 15:48:20	38
2018-11-13 15:58:20	37
2018-11-13 16:08:21	37
2018-11-13 16:18:21	37
2018-11-13 16:28:21	36
2018-11-13 16:38:21	36
2018-11-13 16:48:21	36
2018-11-13 16:58:21	35
2018-11-13 17:08:20	35
2018-11-13 17:18:20	36
2018-11-13 17:28:20	37
2018-11-13 17:38:20	36
2018-11-13 17:48:20	36
2018-11-13 17:58:20	36
2018-11-13 18:08:20	35
2018-11-13 18:18:20	35
2018-11-13 18:28:20	35
2018-11-13 18:38:20	35
2018-11-13 18:48:20	35
2018-11-13 18:58:20	35
2018-11-13 19:08:21	35
2018-11-13 19:18:21	34
2018-11-13 19:28:21	34
2018-11-13 19:38:21	34
2018-11-13 19:48:21	34
2018-11-13 19:58:21	34
2018-11-13 20:08:20	34
2018-11-13 20:18:20	34
2018-11-13 20:28:20	34
2018-11-13 20:38:20	34
2018-11-13 20:48:20	34
2018-11-13 20:58:20	34
2018-11-13 21:08:20	34
2018-11-13 21:18:20	34
2018-11-13 21:28:20	34
2018-11-13 21:38:20	34
2018-11-13 21:48:20	34
2018-11-13 21:58:20	34
2018-11-13 22:08:20	34
2018-11-13 22:18:20	34
2018-11-13 22:28:20	33
2018-11-13 22:38:20	34
2018-11-13 22:48:20	33
2018-11-13 22:58:20	33
2018-11-13 23:08:21	33
2018-11-13 23:18:21	33
2018-11-13 23:28:21	33
2018-11-13 23:38:21	33
2018-11-13 23:48:21	33
2018-11-13 23:58:21	33
2018-11-14 00:08:21	33
2018-11-14 00:18:21	33
2018-11-14 00:28:21	33
2018-11-14 00:38:21	33
2018-11-14 00:48:21	33
2018-11-14 00:58:21	33
2018-11-14 01:08:21	33
2018-11-14 01:18:21	33
2018-11-14 01:28:21	33
2018-11-14 01:38:21	33
2018-11-14 01:48:21	33
2018-11-14 01:58:21	33
2018-11-14 02:08:21	33
2018-11-14 02:18:21	33
2018-11-14 02:28:21	33
2018-11-14 02:38:21	33
2018-11-14 02:48:21	34
2018-11-14 02:58:21	35
2018-11-14 03:08:21	35
2018-11-14 03:18:21	36
2018-11-14 03:28:21	36
2018-11-14 03:38:21	36
2018-11-14 03:48:21	37
2018-11-14 03:58:21	36
2018-11-14 04:08:21	36
2018-11-14 04:18:21	36
2018-11-14 04:28:21	35
2018-11-14 04:38:21	35
2018-11-14 04:48:21	35
2018-11-14 04:58:21	35
2018-11-14 05:08:20	35
2018-11-14 05:18:20	35
2018-11-14 05:28:20	36
2018-11-14 05:38:20	36
2018-11-14 05:48:20	36
2018-11-14 05:58:20	35
2018-11-14 06:08:21	35
2018-11-14 06:18:21	35
2018-11-14 06:28:21	35
2018-11-14 06:38:21	35
2018-11-14 06:48:21	36
2018-11-14 06:58:21	36
2018-11-14 07:08:21	36
2018-11-14 07:18:21	36
2018-11-14 07:28:21	35
2018-11-14 07:38:21	35
2018-11-14 07:48:21	35
2018-11-14 07:58:21	35
2018-11-14 08:08:20	35
2018-11-14 08:18:20	36
2018-11-14 08:28:20	37
2018-11-14 08:38:20	37
2018-11-14 08:48:20	36
2018-11-14 08:58:20	36
2018-11-14 09:08:20	35
2018-11-14 09:18:20	35
2018-11-14 09:28:20	35
2018-11-14 09:38:20	35
2018-11-14 09:48:20	35
2018-11-14 09:58:20	35
2018-11-14 10:08:21	34
2018-11-14 10:18:21	34
2018-11-14 10:28:21	34
2018-11-14 10:38:21	34
2018-11-14 10:48:21	34
2018-11-14 10:58:21	34
2018-11-14 11:08:21	34
2018-11-14 11:18:21	34
2018-11-14 11:28:21	34
2018-11-14 11:38:21	33
2018-11-14 11:48:21	34
2018-11-14 11:58:21	33
2018-11-14 12:08:21	33
2018-11-14 12:18:21	33
2018-11-14 12:28:21	33
2018-11-14 12:38:21	33
2018-11-14 12:48:21	33
2018-11-14 12:58:21	34
2018-11-14 13:08:21	36
2018-11-14 13:18:21	35
2018-11-14 13:28:21	34
2018-11-14 13:38:21	34
2018-11-14 13:48:21	34
2018-11-14 13:58:21	34
2018-11-14 14:08:21	33
2018-11-14 14:18:21	34
2018-11-14 14:28:21	35
2018-11-14 14:38:21	36
2018-11-14 14:48:21	36
2018-11-14 14:58:21	37
2018-11-14 15:08:21	37
2018-11-14 15:18:21	37
2018-11-14 15:28:21	38
2018-11-14 15:38:21	37
2018-11-14 15:48:21	37
2018-11-14 15:58:21	36
2018-11-14 16:08:20	36
2018-11-14 16:18:20	36
2018-11-14 16:28:20	35
2018-11-14 16:38:20	35
2018-11-14 16:48:20	35
2018-11-14 16:58:20	35
2018-11-14 17:08:21	35
2018-11-14 17:18:21	34
2018-11-14 17:28:21	34
2018-11-14 17:38:21	34
2018-11-14 17:48:21	34
2018-11-14 17:58:21	34
2018-11-14 18:08:21	34
2018-11-14 18:18:21	34
2018-11-14 18:28:21	34
2018-11-14 18:38:21	33
2018-11-14 18:48:21	33
2018-11-14 18:58:21	33
2018-11-14 19:08:21	33
2018-11-14 19:18:21	33
2018-11-14 19:28:21	33
2018-11-14 19:38:21	33
2018-11-14 19:48:21	33
2018-11-14 19:58:21	33
2018-11-14 20:08:21	33
2018-11-14 20:18:21	33
2018-11-14 20:28:21	33
2018-11-14 20:38:21	33
2018-11-14 20:48:21	32
2018-11-14 20:58:21	32
2018-11-14 21:08:21	32
2018-11-14 21:18:21	32
2018-11-14 21:28:21	32
2018-11-14 21:38:21	32
2018-11-14 21:48:21	32
2018-11-14 21:58:21	32
2018-11-14 22:08:21	32
2018-11-14 22:18:21	32
2018-11-14 22:28:21	32
2018-11-14 22:38:21	32
2018-11-14 22:48:21	32
2018-11-14 22:58:21	32
2018-11-14 23:08:21	32
2018-11-14 23:18:21	32
2018-11-14 23:28:21	32
2018-11-14 23:38:21	32
2018-11-14 23:48:21	32
2018-11-14 23:58:21	32
2018-11-15 00:08:21	32
2018-11-15 00:18:21	32
2018-11-15 00:28:21	32
2018-11-15 00:38:21	32
2018-11-15 00:48:21	32
2018-11-15 00:58:21	32
2018-11-15 01:08:21	32
2018-11-15 01:18:21	33
2018-11-15 01:28:21	34
2018-11-15 01:38:21	35
2018-11-15 01:48:21	35
2018-11-15 01:58:21	35
2018-11-15 02:08:21	36
2018-11-15 02:18:21	36
2018-11-15 02:28:21	36
2018-11-15 02:38:21	36
2018-11-15 02:48:21	35
2018-11-15 02:58:21	35
2018-11-15 03:08:21	35
2018-11-15 03:18:21	34
2018-11-15 03:28:21	34
2018-11-15 03:38:21	34
2018-11-15 03:48:21	34
2018-11-15 03:58:21	34
2018-11-15 04:08:21	34
2018-11-15 04:18:21	34
2018-11-15 04:28:21	34
2018-11-15 04:38:21	35
2018-11-15 04:48:21	36
2018-11-15 04:58:21	36
2018-11-15 05:08:21	37
2018-11-15 05:18:21	37
2018-11-15 05:28:21	37
2018-11-15 05:38:21	37
2018-11-15 05:48:21	36
2018-11-15 05:58:21	36
2018-11-15 06:08:21	36
2018-11-15 06:18:21	35
2018-11-15 06:28:21	35
2018-11-15 06:38:21	36
2018-11-15 06:48:21	37
2018-11-15 06:58:21	37
2018-11-15 07:08:22	37
2018-11-15 07:18:22	38
2018-11-15 07:28:22	38
2018-11-15 07:38:22	38
2018-11-15 07:48:22	38
2018-11-15 07:58:22	37
2018-11-15 08:08:21	37
2018-11-15 08:18:21	36
2018-11-15 08:28:21	36
2018-11-15 08:38:21	37
2018-11-15 08:48:21	37
2018-11-15 08:58:21	36
2018-11-15 09:08:21	36
2018-11-15 09:18:21	36
2018-11-15 09:28:21	35
2018-11-15 09:38:21	35
2018-11-15 09:48:21	35
2018-11-15 09:58:21	35
2018-11-15 10:08:22	35
2018-11-15 10:18:22	34
2018-11-15 10:28:22	34
2018-11-15 10:38:22	34
2018-11-15 10:48:22	34
2018-11-15 10:58:22	34
2018-11-15 11:08:21	34
2018-11-15 11:18:21	34
2018-11-15 11:28:21	33
2018-11-15 11:38:21	33
2018-11-15 11:48:21	33
2018-11-15 11:58:21	33
2018-11-15 12:08:22	33
2018-11-15 12:18:22	33
2018-11-15 12:28:22	33
2018-11-15 12:38:22	33
2018-11-15 12:48:22	32
2018-11-15 12:58:22	32
2018-11-15 13:08:21	34
2018-11-15 13:18:21	35
2018-11-15 13:28:21	36
2018-11-15 13:38:21	36
2018-11-15 13:48:21	37
2018-11-15 13:58:21	37
2018-11-15 14:08:22	37
2018-11-15 14:18:22	37
2018-11-15 14:28:22	38
2018-11-15 14:38:22	37
2018-11-15 14:48:22	36
2018-11-15 14:58:22	36
2018-11-15 15:08:22	36
2018-11-15 15:18:22	35
2018-11-15 15:28:22	36
2018-11-15 15:38:22	37
2018-11-15 15:48:22	37
2018-11-15 15:58:22	36
2018-11-15 16:08:21	36
2018-11-15 16:18:21	35
2018-11-15 16:28:21	35
2018-11-15 16:38:21	35
2018-11-15 16:48:21	35
2018-11-15 16:58:21	34
2018-11-15 17:08:22	34
2018-11-15 17:18:22	34
2018-11-15 17:28:22	34
2018-11-15 17:38:22	34
2018-11-15 17:48:22	33
2018-11-15 17:58:22	33
2018-11-15 18:08:22	33
2018-11-15 18:18:22	33
2018-11-15 18:28:22	33
2018-11-15 18:38:22	33
2018-11-15 18:48:22	33
2018-11-15 18:58:22	33
2018-11-15 19:08:21	33
2018-11-15 19:18:21	32
2018-11-15 19:28:21	32
2018-11-15 19:38:21	32
2018-11-15 19:48:21	32
2018-11-15 19:58:21	32
2018-11-15 20:08:22	32
2018-11-15 20:18:22	32
2018-11-15 20:28:22	32
2018-11-15 20:38:22	32
2018-11-15 20:48:22	32
2018-11-15 20:58:22	32
2018-11-15 21:08:22	32
2018-11-15 21:18:22	32
2018-11-15 21:28:22	32
2018-11-15 21:38:22	32
2018-11-15 21:48:22	31
2018-11-15 21:58:22	31
2018-11-15 22:08:22	31
2018-11-15 22:18:22	31
2018-11-15 22:28:22	31
2018-11-15 22:38:22	31
2018-11-15 22:48:22	31
2018-11-15 22:58:22	31
2018-11-15 23:08:22	31
2018-11-15 23:18:22	31
2018-11-15 23:28:22	31
2018-11-15 23:38:22	32
2018-11-15 23:48:22	31
2018-11-15 23:58:22	31
2018-11-16 00:08:22	31
2018-11-16 00:18:22	31
2018-11-16 00:28:22	31
2018-11-16 00:38:22	31
2018-11-16 00:48:22	31
2018-11-16 00:58:22	31
2018-11-16 01:08:22	31
2018-11-16 01:18:22	31
2018-11-16 01:28:22	31
2018-11-16 01:38:22	31
2018-11-16 01:48:22	31
2018-11-16 01:58:22	33
2018-11-16 02:08:22	34
2018-11-16 02:18:22	34
2018-11-16 02:28:22	35
2018-11-16 02:38:22	35
2018-11-16 02:48:22	36
2018-11-16 02:58:22	36
2018-11-16 03:08:22	36
2018-11-16 03:18:22	35
2018-11-16 03:28:22	35
2018-11-16 03:38:22	35
2018-11-16 03:48:22	34
2018-11-16 03:58:22	34
2018-11-16 04:08:22	34
2018-11-16 04:18:22	34
2018-11-16 04:28:22	34
2018-11-16 04:38:22	33
2018-11-16 04:48:22	34
2018-11-16 04:58:22	35
2018-11-16 05:08:23	36
2018-11-16 05:18:23	36
2018-11-16 05:28:23	36
2018-11-16 05:38:23	35
2018-11-16 05:48:23	35
2018-11-16 05:58:23	35
2018-11-16 06:08:22	34
2018-11-16 06:18:22	35
2018-11-16 06:28:22	36
2018-11-16 06:38:22	35
2018-11-16 06:48:22	35
2018-11-16 06:58:22	35
2018-11-16 07:08:23	34
2018-11-16 07:18:23	34
2018-11-16 07:28:23	36
2018-11-16 07:38:23	36
2018-11-16 07:48:23	36
2018-11-16 07:58:23	35
2018-11-16 08:08:23	35
2018-11-16 08:18:23	35
2018-11-16 08:28:23	36
2018-11-16 08:38:23	36
2018-11-16 08:48:23	36
2018-11-16 08:58:23	35
2018-11-16 09:08:23	35
2018-11-16 09:18:23	36
2018-11-16 09:28:23	37
2018-11-16 09:38:23	36
2018-11-16 09:48:23	36
2018-11-16 09:58:23	35
2018-11-16 10:08:23	35
2018-11-16 10:18:23	35
2018-11-16 10:28:23	34
2018-11-16 10:38:23	34
2018-11-16 10:48:23	34
2018-11-16 10:58:23	34
2018-11-16 11:08:23	34
2018-11-16 11:18:23	33
2018-11-16 11:28:23	33
2018-11-16 11:38:23	33
2018-11-16 11:48:23	33
2018-11-16 11:58:23	33
2018-11-16 12:08:23	33
2018-11-16 12:18:23	33
2018-11-16 12:28:23	32
2018-11-16 12:38:23	32
2018-11-16 12:48:23	32
2018-11-16 12:58:23	32
2018-11-16 13:08:22	32
2018-11-16 13:18:22	33
2018-11-16 13:28:22	34
2018-11-16 13:38:22	35
2018-11-16 13:48:22	35
2018-11-16 13:58:22	34
2018-11-16 14:08:22	34
2018-11-16 14:18:22	34
2018-11-16 14:28:22	33
2018-11-16 14:38:22	33
2018-11-16 14:48:22	33
2018-11-16 14:58:22	33
2018-11-16 15:08:23	33
2018-11-16 15:18:23	33
2018-11-16 15:28:23	33
2018-11-16 15:38:23	32
2018-11-16 15:48:23	32
2018-11-16 15:58:23	32
2018-11-16 16:08:22	34
2018-11-16 16:18:22	35
2018-11-16 16:28:22	35
2018-11-16 16:38:22	36
2018-11-16 16:48:22	35
2018-11-16 16:58:22	35
2018-11-16 17:08:23	34
2018-11-16 17:18:23	34
2018-11-16 17:28:23	34
2018-11-16 17:38:23	33
2018-11-16 17:48:23	33
2018-11-16 17:58:23	33
2018-11-16 18:08:23	33
2018-11-16 18:18:23	33
2018-11-16 18:28:23	32
2018-11-16 18:38:23	32
2018-11-16 18:48:23	32
2018-11-16 18:58:23	32
2018-11-16 19:08:22	32
2018-11-16 19:18:22	32
2018-11-16 19:28:22	32
2018-11-16 19:38:22	32
2018-11-16 19:48:22	32
2018-11-16 19:58:22	32
2018-11-16 20:08:23	32
2018-11-16 20:18:23	31
2018-11-16 20:28:23	31
2018-11-16 20:38:23	31
2018-11-16 20:48:23	31
2018-11-16 20:58:23	31
2018-11-16 21:08:23	31
2018-11-16 21:18:23	31
2018-11-16 21:28:23	31
2018-11-16 21:38:23	31
2018-11-16 21:48:23	31
2018-11-16 21:58:23	31
2018-11-16 22:08:23	31
2018-11-16 22:18:23	31
2018-11-16 22:28:23	31
2018-11-16 22:38:23	31
2018-11-16 22:48:23	31
2018-11-16 22:58:23	31
2018-11-16 23:08:23	31
2018-11-16 23:18:23	31
2018-11-16 23:28:23	31
2018-11-16 23:38:23	31
2018-11-16 23:48:23	31
2018-11-16 23:58:23	31
2018-11-17 00:08:22	31
2018-11-17 00:18:22	31
2018-11-17 00:28:22	31
2018-11-17 00:38:22	31
2018-11-17 00:48:22	31
2018-11-17 00:58:22	31
2018-11-17 01:08:23	31
2018-11-17 01:18:23	31
2018-11-17 01:28:23	31
2018-11-17 01:38:23	31
2018-11-17 01:48:23	31
2018-11-17 01:58:23	32
2018-11-17 02:08:22	33
2018-11-17 02:18:22	34
2018-11-17 02:28:22	35
2018-11-17 02:38:22	35
2018-11-17 02:48:22	36
2018-11-17 02:58:22	36
2018-11-17 03:08:23	36
2018-11-17 03:18:23	37
2018-11-17 03:28:23	37
2018-11-17 03:38:23	37
2018-11-17 03:48:23	38
2018-11-17 03:58:23	38
2018-11-17 04:08:23	38
2018-11-17 04:18:23	37
2018-11-17 04:28:23	37
2018-11-17 04:38:23	37
2018-11-17 04:48:23	37
2018-11-17 04:58:23	37
2018-11-17 05:08:23	37
2018-11-17 05:18:23	37
2018-11-17 05:28:23	36
2018-11-17 05:38:23	36
2018-11-17 05:48:23	36
2018-11-17 05:58:23	36
2018-11-17 06:08:23	36
2018-11-17 06:18:23	35
2018-11-17 06:28:23	35
2018-11-17 06:38:23	35
2018-11-17 06:48:23	35
2018-11-17 06:58:23	35
2018-11-17 07:08:23	35
2018-11-17 07:18:23	35
2018-11-17 07:28:23	35
2018-11-17 07:38:23	35
2018-11-17 07:48:23	36
2018-11-17 07:58:23	36
2018-11-17 08:08:23	36
2018-11-17 08:18:23	35
2018-11-17 08:28:23	35
2018-11-17 08:38:23	35
2018-11-17 08:48:23	35
2018-11-17 08:58:23	35
2018-11-17 09:08:23	34
2018-11-17 09:18:23	34
2018-11-17 09:28:23	34
2018-11-17 09:38:23	34
2018-11-17 09:48:23	34
2018-11-17 09:58:23	34
2018-11-17 10:08:23	34
2018-11-17 10:18:23	34
2018-11-17 10:28:23	34
2018-11-17 10:38:23	33
2018-11-17 10:48:23	33
2018-11-17 10:58:23	33
2018-11-17 11:08:24	33
2018-11-17 11:18:24	33
2018-11-17 11:28:24	33
2018-11-17 11:38:24	34
2018-11-17 11:48:24	34
2018-11-17 11:58:24	34
2018-11-17 12:08:23	34
2018-11-17 12:18:23	34
2018-11-17 12:28:23	33
2018-11-17 12:38:23	33
2018-11-17 12:48:23	33
2018-11-17 12:58:23	33
2018-11-17 13:08:23	34
2018-11-17 13:18:23	35
2018-11-17 13:28:23	34
2018-11-17 13:38:23	34
2018-11-17 13:48:23	34
2018-11-17 13:58:23	33
2018-11-17 14:08:23	34
2018-11-17 14:18:23	34
2018-11-17 14:28:23	34
2018-11-17 14:38:23	34
2018-11-17 14:48:23	34
2018-11-17 14:58:23	33
2018-11-17 15:08:23	33
2018-11-17 15:18:23	33
2018-11-17 15:28:23	34
2018-11-17 15:38:23	35
2018-11-17 15:48:23	36
2018-11-17 15:58:23	37
2018-11-17 16:08:23	37
2018-11-17 16:18:23	36
2018-11-17 16:28:23	36
2018-11-17 16:38:23	36
2018-11-17 16:48:23	35
2018-11-17 16:58:23	35
2018-11-17 17:08:24	35
2018-11-17 17:18:24	34
2018-11-17 17:28:24	34
2018-11-17 17:38:24	35
2018-11-17 17:48:24	36
2018-11-17 17:58:24	36
2018-11-17 18:08:24	37
2018-11-17 18:18:24	37
2018-11-17 18:28:24	36
2018-11-17 18:38:24	36
2018-11-17 18:48:24	35
2018-11-17 18:58:24	35
2018-11-17 19:08:23	35
2018-11-17 19:18:23	35
2018-11-17 19:28:23	34
2018-11-17 19:38:23	34
2018-11-17 19:48:23	34
2018-11-17 19:58:23	35
2018-11-17 20:08:23	36
2018-11-17 20:18:23	36
2018-11-17 20:28:23	36
2018-11-17 20:38:23	35
2018-11-17 20:48:23	35
2018-11-17 20:58:23	35
2018-11-17 21:08:24	35
2018-11-17 21:18:24	35
2018-11-17 21:28:24	35
2018-11-17 21:38:24	35
2018-11-17 21:48:24	35
2018-11-17 21:58:24	34
2018-11-17 22:08:23	34
2018-11-17 22:18:23	34
2018-11-17 22:28:23	34
2018-11-17 22:38:23	34
2018-11-17 22:48:23	34
2018-11-17 22:58:23	34
2018-11-17 23:08:24	34
2018-11-17 23:18:24	34
2018-11-17 23:28:24	34
2018-11-17 23:38:24	34
2018-11-17 23:48:24	34
2018-11-17 23:58:24	34
2018-11-18 00:08:24	34
2018-11-18 00:18:24	34
2018-11-18 00:28:24	34
2018-11-18 00:38:24	34
2018-11-18 00:48:24	34
2018-11-18 00:58:24	34
2018-11-18 01:08:23	34
2018-11-18 01:18:23	35
2018-11-18 01:28:23	35
2018-11-18 01:38:23	35
2018-11-18 01:48:23	35
2018-11-18 01:58:23	35
2018-11-18 02:08:24	35
2018-11-18 02:18:24	34
2018-11-18 02:28:24	34
2018-11-18 02:38:24	34
2018-11-18 02:48:24	34
2018-11-18 02:58:24	34
2018-11-18 03:08:24	34
2018-11-18 03:18:24	34
2018-11-18 03:28:24	34
2018-11-18 03:38:24	34
2018-11-18 03:48:24	34
2018-11-18 03:58:24	34
2018-11-18 04:08:24	35
2018-11-18 04:18:24	36
2018-11-18 04:28:24	36
2018-11-18 04:38:24	35
2018-11-18 04:48:24	35
2018-11-18 04:58:24	35
2018-11-18 05:08:23	35
2018-11-18 05:18:23	34
2018-11-18 05:28:23	34
2018-11-18 05:38:23	34
2018-11-18 05:48:23	34
2018-11-18 05:58:23	34
2018-11-18 06:08:24	34
2018-11-18 06:18:24	34
2018-11-18 06:28:24	34
2018-11-18 06:38:24	35
2018-11-18 06:48:24	36
2018-11-18 06:58:24	36
2018-11-18 07:08:24	35
2018-11-18 07:18:24	35
2018-11-18 07:28:24	35
2018-11-18 07:38:24	35
2018-11-18 07:48:24	34
2018-11-18 07:58:24	34
2018-11-18 08:08:23	34
2018-11-18 08:18:23	34
2018-11-18 08:28:23	34
2018-11-18 08:38:23	34
2018-11-18 08:48:23	34
2018-11-18 08:58:23	34
2018-11-18 09:08:23	33
2018-11-18 09:18:23	33
2018-11-18 09:28:23	33
2018-11-18 09:38:23	33
2018-11-18 09:48:23	33
2018-11-18 09:58:23	33
2018-11-18 10:08:24	33
2018-11-18 10:18:24	33
2018-11-18 10:28:24	33
2018-11-18 10:38:24	34
2018-11-18 10:48:24	35
2018-11-18 10:58:24	34
2018-11-18 11:08:24	34
2018-11-18 11:18:24	34
2018-11-18 11:28:24	33
2018-11-18 11:38:24	33
2018-11-18 11:48:24	33
2018-11-18 11:58:24	33
2018-11-18 12:08:24	33
2018-11-18 12:18:24	34
2018-11-18 12:28:24	34
2018-11-18 12:38:24	33
2018-11-18 12:48:24	33
2018-11-18 12:58:24	33
2018-11-18 13:08:24	33
2018-11-18 13:18:24	32
2018-11-18 13:28:24	33
2018-11-18 13:38:24	34
2018-11-18 13:48:24	35
2018-11-18 13:58:24	34
2018-11-18 14:08:24	34
2018-11-18 14:18:24	33
2018-11-18 14:28:24	33
2018-11-18 14:38:24	33
2018-11-18 14:48:24	33
2018-11-18 14:58:24	34
2018-11-18 15:08:24	35
2018-11-18 15:18:24	35
2018-11-18 15:28:24	34
2018-11-18 15:38:24	34
2018-11-18 15:48:24	33
2018-11-18 15:58:24	33
2018-11-18 16:08:24	33
2018-11-18 16:18:24	33
2018-11-18 16:28:24	33
2018-11-18 16:38:24	33
2018-11-18 16:48:24	33
2018-11-18 16:58:24	34
2018-11-18 17:08:24	34
2018-11-18 17:18:24	33
2018-11-18 17:28:24	33
2018-11-18 17:38:24	33
2018-11-18 17:48:24	33
2018-11-18 17:58:24	33
2018-11-18 18:08:24	32
2018-11-18 18:18:24	32
2018-11-18 18:28:24	32
2018-11-18 18:38:24	32
2018-11-18 18:48:24	32
2018-11-18 18:58:24	32
2018-11-18 19:08:24	32
2018-11-18 19:18:24	32
2018-11-18 19:28:24	32
2018-11-18 19:38:24	34
2018-11-18 19:48:24	35
2018-11-18 19:58:24	36
2018-11-18 20:08:24	36
2018-11-18 20:18:24	36
2018-11-18 20:28:24	36
2018-11-18 20:38:24	36
2018-11-18 20:48:24	37
2018-11-18 20:58:24	37
2018-11-18 21:08:24	36
2018-11-18 21:18:24	36
2018-11-18 21:28:24	35
2018-11-18 21:38:24	35
2018-11-18 21:48:24	35
2018-11-18 21:58:24	35
2018-11-18 22:08:25	34
2018-11-18 22:18:25	34
2018-11-18 22:28:25	34
2018-11-18 22:38:25	34
2018-11-18 22:48:25	34
2018-11-18 22:58:25	34
2018-11-18 23:08:24	34
2018-11-18 23:18:24	34
2018-11-18 23:28:24	34
2018-11-18 23:38:24	34
2018-11-18 23:48:24	34
2018-11-18 23:58:24	34
2018-11-19 00:08:25	34
2018-11-19 00:18:25	34
2018-11-19 00:28:25	34
2018-11-19 00:38:25	33
2018-11-19 00:48:25	33
2018-11-19 00:58:25	33
2018-11-19 01:08:24	33
2018-11-19 01:18:24	33
2018-11-19 01:28:24	34
2018-11-19 01:38:24	35
2018-11-19 01:48:24	36
2018-11-19 01:58:24	35
2018-11-19 02:08:24	35
2018-11-19 02:18:24	35
2018-11-19 02:28:24	35
2018-11-19 02:38:24	34
2018-11-19 02:48:24	34
2018-11-19 02:58:24	34
2018-11-19 03:08:24	34
2018-11-19 03:18:24	34
2018-11-19 03:28:24	34
2018-11-19 03:38:24	34
2018-11-19 03:48:24	34
2018-11-19 03:58:24	34
2018-11-19 04:08:25	34
2018-11-19 04:18:25	35
2018-11-19 04:28:25	35
2018-11-19 04:38:25	35
2018-11-19 04:48:25	35
2018-11-19 04:58:25	34
2018-11-19 05:08:24	34
2018-11-19 05:18:24	34
2018-11-19 05:28:24	34
2018-11-19 05:38:24	34
2018-11-19 05:48:24	34
2018-11-19 05:58:24	35
2018-11-19 06:08:25	35
2018-11-19 06:18:25	35
2018-11-19 06:28:25	35
2018-11-19 06:38:25	34
2018-11-19 06:48:25	34
2018-11-19 06:58:25	34
2018-11-19 07:08:24	34
2018-11-19 07:18:24	34
2018-11-19 07:28:24	34
2018-11-19 07:38:24	35
2018-11-19 07:48:24	36
2018-11-19 07:58:24	36
2018-11-19 08:08:24	35
2018-11-19 08:18:24	35
2018-11-19 08:28:24	35
2018-11-19 08:38:24	34
2018-11-19 08:48:24	34
2018-11-19 08:58:24	34
2018-11-19 09:08:25	34
2018-11-19 09:18:25	34
2018-11-19 09:28:25	33
2018-11-19 09:38:25	33
2018-11-19 09:48:25	33
2018-11-19 09:58:25	33
2018-11-19 10:08:25	33
2018-11-19 10:18:25	33
2018-11-19 10:28:25	33
2018-11-19 10:38:25	33
2018-11-19 10:48:25	32
2018-11-19 10:58:25	32
2018-11-19 11:08:25	32
2018-11-19 11:18:25	32
2018-11-19 11:28:25	32
2018-11-19 11:38:25	32
2018-11-19 11:48:25	33
2018-11-19 11:58:25	33
2018-11-19 12:08:25	33
2018-11-19 12:18:25	33
2018-11-19 12:28:25	32
2018-11-19 12:38:25	32
2018-11-19 12:48:25	32
2018-11-19 12:58:25	33
2018-11-19 13:08:25	33
2018-11-19 13:18:25	33
2018-11-19 13:28:25	33
2018-11-19 13:38:25	32
2018-11-19 13:48:25	32
2018-11-19 13:58:25	32
2018-11-19 14:08:25	32
2018-11-19 14:18:25	33
2018-11-19 14:28:25	35
2018-11-19 14:38:25	35
2018-11-19 14:48:25	34
2018-11-19 14:58:25	34
2018-11-19 15:08:24	33
2018-11-19 15:18:24	34
2018-11-19 15:28:24	35
2018-11-19 15:38:24	36
2018-11-19 15:48:24	35
2018-11-19 15:58:24	34
2018-11-19 16:08:25	34
2018-11-19 16:18:25	34
2018-11-19 16:28:25	34
2018-11-19 16:38:25	33
2018-11-19 16:48:25	34
2018-11-19 16:58:25	35
2018-11-19 17:08:25	36
2018-11-19 17:18:25	36
2018-11-19 17:28:25	36
2018-11-19 17:38:25	35
2018-11-19 17:48:25	35
2018-11-19 17:58:25	34
2018-11-19 18:08:25	34
2018-11-19 18:18:25	34
2018-11-19 18:28:25	34
2018-11-19 18:38:25	33
2018-11-19 18:48:25	33
2018-11-19 18:58:25	33
2018-11-19 19:08:25	33
2018-11-19 19:18:25	33
2018-11-19 19:28:25	33
2018-11-19 19:38:25	32
2018-11-19 19:48:25	32
2018-11-19 19:58:25	32
2018-11-19 20:08:25	32
2018-11-19 20:18:25	32
2018-11-19 20:28:25	32
2018-11-19 20:38:25	32
2018-11-19 20:48:25	32
2018-11-19 20:58:25	32
2018-11-19 21:08:25	32
2018-11-19 21:18:25	32
2018-11-19 21:28:25	32
2018-11-19 21:38:25	32
2018-11-19 21:48:25	32
2018-11-19 21:58:25	31
2018-11-19 22:08:25	31
2018-11-19 22:18:25	31
2018-11-19 22:28:25	31
2018-11-19 22:38:25	31
2018-11-19 22:48:25	31
2018-11-19 22:58:25	31
2018-11-19 23:08:25	31
2018-11-19 23:18:25	31
2018-11-19 23:28:25	31
2018-11-19 23:38:25	31
2018-11-19 23:48:25	31
2018-11-19 23:58:25	31
2018-11-20 00:08:26	31
2018-11-20 00:18:26	31
2018-11-20 00:28:26	31
2018-11-20 00:38:26	31
2018-11-20 00:48:26	31
2018-11-20 00:58:26	31
2018-11-20 01:08:25	31
2018-11-20 01:18:25	31
2018-11-20 01:28:25	31
2018-11-20 01:38:25	31
2018-11-20 01:48:25	31
2018-11-20 01:58:25	31
2018-11-20 02:08:25	31
2018-11-20 02:18:25	31
2018-11-20 02:28:25	31
2018-11-20 02:38:25	31
2018-11-20 02:48:25	31
2018-11-20 02:58:25	31
2018-11-20 03:08:25	31
2018-11-20 03:18:25	31
2018-11-20 03:28:25	31
2018-11-20 03:38:25	31
2018-11-20 03:48:25	32
2018-11-20 03:58:25	34
2018-11-20 04:08:25	35
2018-11-20 04:18:25	35
2018-11-20 04:28:25	36
2018-11-20 04:38:25	36
2018-11-20 04:48:25	36
2018-11-20 04:58:25	37
2018-11-20 05:08:25	37
2018-11-20 05:18:25	37
2018-11-20 05:28:25	36
2018-11-20 05:38:25	36
2018-11-20 05:48:25	36
2018-11-20 05:58:25	35
2018-11-20 06:08:25	35
2018-11-20 06:18:25	35
2018-11-20 06:28:25	34
2018-11-20 06:38:25	34
2018-11-20 06:48:25	35
2018-11-20 06:58:25	36
2018-11-20 07:08:25	36
2018-11-20 07:18:25	35
2018-11-20 07:28:25	35
2018-11-20 07:38:25	35
2018-11-20 07:48:25	34
2018-11-20 07:58:25	35
2018-11-20 08:08:25	36
2018-11-20 08:18:25	37
2018-11-20 08:28:25	36
2018-11-20 08:38:25	36
2018-11-20 08:48:25	35
2018-11-20 08:58:25	35
2018-11-20 09:08:25	35
2018-11-20 09:18:25	35
2018-11-20 09:28:25	34
2018-11-20 09:38:25	34
2018-11-20 09:48:25	34
2018-11-20 09:58:25	34
2018-11-20 10:08:26	34
2018-11-20 10:18:26	34
2018-11-20 10:28:26	33
2018-11-20 10:38:26	33
2018-11-20 10:48:26	33
2018-11-20 10:58:26	33
2018-11-20 11:08:25	33
2018-11-20 11:18:25	33
2018-11-20 11:28:25	33
2018-11-20 11:38:25	33
2018-11-20 11:48:25	32
2018-11-20 11:58:25	32
2018-11-20 12:08:25	32
2018-11-20 12:18:25	32
2018-11-20 12:28:25	32
2018-11-20 12:38:25	32
2018-11-20 12:48:25	33
2018-11-20 12:58:25	34
2018-11-20 13:08:26	35
2018-11-20 13:18:26	36
2018-11-20 13:28:26	37
2018-11-20 13:38:26	37
2018-11-20 13:48:26	37
2018-11-20 13:58:26	36
2018-11-20 14:08:26	36
2018-11-20 14:18:26	35
2018-11-20 14:28:26	35
2018-11-20 14:38:26	35
2018-11-20 14:48:26	36
2018-11-20 14:58:26	36
2018-11-20 15:08:26	35
2018-11-20 15:18:26	35
2018-11-20 15:28:26	35
2018-11-20 15:38:26	35
2018-11-20 15:48:26	36
2018-11-20 15:58:26	35
2018-11-20 16:08:25	35
2018-11-20 16:18:25	34
2018-11-20 16:28:25	34
2018-11-20 16:38:25	35
2018-11-20 16:48:25	36
2018-11-20 16:58:25	36
2018-11-20 17:08:25	36
2018-11-20 17:18:25	36
2018-11-20 17:28:25	35
2018-11-20 17:38:25	35
2018-11-20 17:48:25	35
2018-11-20 17:58:25	34
2018-11-20 18:08:26	34
2018-11-20 18:18:26	34
2018-11-20 18:28:26	34
2018-11-20 18:38:26	34
2018-11-20 18:48:26	33
2018-11-20 18:58:26	33
2018-11-20 19:08:26	33
2018-11-20 19:18:26	33
2018-11-20 19:28:26	33
2018-11-20 19:38:26	33
2018-11-20 19:48:26	33
2018-11-20 19:58:26	33
2018-11-20 20:08:26	33
2018-11-20 20:18:26	32
2018-11-20 20:28:26	32
2018-11-20 20:38:26	32
2018-11-20 20:48:26	32
2018-11-20 20:58:26	32
2018-11-20 21:08:26	32
2018-11-20 21:18:26	32
2018-11-20 21:28:26	32
2018-11-20 21:38:26	32
2018-11-20 21:48:26	32
2018-11-20 21:58:26	32
2018-11-20 22:08:26	32
2018-11-20 22:18:26	32
2018-11-20 22:28:26	32
2018-11-20 22:38:26	32
2018-11-20 22:48:26	32
2018-11-20 22:58:26	32
2018-11-20 23:08:26	32
2018-11-20 23:18:26	32
2018-11-20 23:28:26	32
2018-11-20 23:38:26	32
2018-11-20 23:48:26	32
2018-11-20 23:58:26	32
2018-11-21 00:08:25	32
2018-11-21 00:18:25	32
2018-11-21 00:28:25	32
2018-11-21 00:38:25	32
2018-11-21 00:48:25	32
2018-11-21 00:58:25	32
2018-11-21 01:08:26	32
2018-11-21 01:18:26	32
2018-11-21 01:28:26	32
2018-11-21 01:38:26	32
2018-11-21 01:48:26	32
2018-11-21 01:58:26	32
2018-11-21 02:08:26	32
2018-11-21 02:18:26	34
2018-11-21 02:28:26	34
2018-11-21 02:38:26	35
2018-11-21 02:48:26	36
2018-11-21 02:58:26	36
2018-11-21 03:08:26	35
2018-11-21 03:18:26	35
2018-11-21 03:28:26	34
2018-11-21 03:38:26	34
2018-11-21 03:48:26	34
2018-11-21 03:58:26	34
2018-11-21 04:08:26	34
2018-11-21 04:18:26	34
2018-11-21 04:28:26	33
2018-11-21 04:38:26	33
2018-11-21 04:48:26	33
2018-11-21 04:58:26	35
2018-11-21 05:08:26	35
2018-11-21 05:18:26	35
2018-11-21 05:28:26	35
2018-11-21 05:38:26	35
2018-11-21 05:48:26	36
2018-11-21 05:58:26	36
2018-11-21 06:08:26	35
2018-11-21 06:18:26	35
2018-11-21 06:28:26	35
2018-11-21 06:38:26	34
2018-11-21 06:48:26	34
2018-11-21 06:58:26	35
2018-11-21 07:08:26	36
2018-11-21 07:18:26	36
2018-11-21 07:28:26	36
2018-11-21 07:38:26	36
2018-11-21 07:48:26	35
2018-11-21 07:58:26	35
2018-11-21 08:08:26	35
2018-11-21 08:18:26	34
2018-11-21 08:28:26	34
2018-11-21 08:38:26	34
2018-11-21 08:48:26	34
2018-11-21 08:58:26	34
2018-11-21 09:08:26	34
2018-11-21 09:18:26	34
2018-11-21 09:28:26	33
2018-11-21 09:38:26	33
2018-11-21 09:48:26	33
2018-11-21 09:58:26	33
2018-11-21 10:08:26	33
2018-11-21 10:18:26	33
2018-11-21 10:28:26	33
2018-11-21 10:38:26	33
2018-11-21 10:48:26	33
2018-11-21 10:58:26	32
2018-11-21 11:08:26	32
2018-11-21 11:18:26	32
2018-11-21 11:28:26	32
2018-11-21 11:38:26	32
2018-11-21 11:48:26	32
2018-11-21 11:58:26	32
2018-11-21 12:08:26	32
2018-11-21 12:18:26	32
2018-11-21 12:28:26	32
2018-11-21 12:38:26	32
2018-11-21 12:48:26	33
2018-11-21 12:58:26	33
2018-11-21 13:08:26	33
2018-11-21 13:18:26	33
2018-11-21 13:28:26	32
2018-11-21 13:38:26	32
2018-11-21 13:48:26	32
2018-11-21 13:58:26	32
2018-11-21 14:08:27	32
2018-11-21 14:18:27	32
2018-11-21 14:28:27	32
2018-11-21 14:38:27	32
2018-11-21 14:48:27	33
2018-11-21 14:58:27	34
2018-11-21 15:08:27	35
2018-11-21 15:18:52	36
2018-11-21 15:28:52	36
2018-11-21 15:38:52	37
2018-11-21 15:48:52	37
2018-11-21 15:58:52	37
2018-11-21 16:08:52	37
2018-11-21 16:18:52	36
2018-11-21 16:28:52	36
2018-11-21 16:38:52	35
2018-11-21 16:48:52	35
2018-11-21 16:58:52	35
2018-11-21 17:08:52	35
2018-11-21 17:18:52	35
2018-11-21 17:28:52	35
2018-11-21 17:38:52	34
2018-11-21 17:48:52	34
2018-11-21 17:58:52	34
2018-11-21 18:08:52	34
2018-11-21 18:18:52	34
2018-11-21 18:28:52	34
2018-11-21 18:38:52	34
2018-11-21 18:48:52	33
2018-11-21 18:58:52	33
2018-11-21 19:08:52	33
2018-11-21 19:18:52	33
2018-11-21 19:28:52	33
2018-11-21 19:38:52	33
2018-11-21 19:48:52	33
2018-11-21 19:58:52	33
2018-11-21 20:08:52	32
2018-11-21 20:18:52	32
2018-11-21 20:28:52	32
2018-11-21 20:38:52	32
2018-11-21 20:48:52	32
2018-11-21 20:58:52	32
2018-11-21 21:08:52	32
2018-11-21 21:18:52	32
2018-11-21 21:28:52	32
2018-11-21 21:38:52	32
2018-11-21 21:48:52	32
2018-11-21 21:58:52	32
2018-11-21 22:08:52	32
2018-11-21 22:18:52	32
2018-11-21 22:28:52	32
2018-11-21 22:38:52	32
2018-11-21 22:48:52	32
2018-11-21 22:58:52	32
2018-11-21 23:08:52	31
2018-11-21 23:18:52	31
2018-11-21 23:28:52	31
2018-11-21 23:38:52	31
2018-11-21 23:48:52	31
2018-11-21 23:58:52	31
2018-11-22 00:08:52	31
2018-11-22 00:18:52	31
2018-11-22 00:28:52	31
2018-11-22 00:38:52	31
2018-11-22 00:48:52	31
2018-11-22 00:58:52	31
2018-11-22 01:08:52	31
2018-11-22 01:18:52	31
2018-11-22 01:28:52	31
2018-11-22 01:38:52	31
2018-11-22 01:48:52	31
2018-11-22 01:58:52	31
2018-11-22 02:08:52	31
2018-11-22 02:18:52	31
2018-11-22 02:28:52	31
2018-11-22 02:38:52	31
2018-11-22 02:48:52	31
2018-11-22 02:58:52	31
2018-11-22 03:08:52	31
2018-11-22 03:18:52	31
2018-11-22 03:28:52	31
2018-11-22 03:38:52	31
2018-11-22 03:48:52	31
2018-11-22 03:58:52	31
2018-11-22 04:08:52	31
2018-11-22 04:18:52	31
2018-11-22 04:28:52	31
2018-11-22 04:38:52	32
2018-11-22 04:48:52	33
2018-11-22 04:58:52	35
2018-11-22 05:08:53	35
2018-11-22 05:18:53	36
2018-11-22 05:28:53	36
2018-11-22 05:38:53	36
2018-11-22 05:48:53	37
2018-11-22 05:58:53	37
2018-11-22 06:08:53	37
2018-11-22 06:18:53	37
2018-11-22 06:28:53	37
2018-11-22 06:38:53	36
2018-11-22 06:48:53	36
2018-11-22 06:58:53	36
2018-11-22 07:08:52	35
2018-11-22 07:18:52	35
2018-11-22 07:28:52	35
2018-11-22 07:38:52	35
2018-11-22 07:48:52	35
2018-11-22 07:58:52	34
2018-11-22 08:08:52	34
2018-11-22 08:18:52	34
2018-11-22 08:28:52	36
2018-11-22 08:38:52	36
2018-11-22 08:48:52	36
2018-11-22 08:58:52	35
2018-11-22 09:08:52	35
2018-11-22 09:18:52	35
2018-11-22 09:28:52	35
2018-11-22 09:38:52	34
2018-11-22 09:48:52	34
2018-11-22 09:58:52	34
2018-11-22 10:08:53	34
2018-11-22 10:18:53	34
2018-11-22 10:28:53	34
2018-11-22 10:38:53	34
2018-11-22 10:48:53	34
2018-11-22 10:58:53	34
2018-11-22 11:08:52	33
2018-11-22 11:18:52	33
2018-11-22 11:28:52	33
2018-11-22 11:38:52	33
2018-11-22 11:48:52	33
2018-11-22 11:58:52	33
2018-11-22 12:08:52	33
2018-11-22 12:18:52	33
2018-11-22 12:28:52	33
2018-11-22 12:38:52	33
2018-11-22 12:48:52	33
2018-11-22 12:58:52	33
2018-11-22 13:08:53	32
2018-11-22 13:18:53	33
2018-11-22 13:28:53	35
2018-11-22 13:38:53	36
2018-11-22 13:48:53	36
2018-11-22 13:58:53	37
2018-11-22 14:08:52	37
2018-11-22 14:18:52	37
2018-11-22 14:28:52	37
2018-11-22 14:38:52	37
2018-11-22 14:48:52	37
2018-11-22 14:58:52	36
2018-11-22 15:08:53	36
2018-11-22 15:18:53	36
2018-11-22 15:28:53	35
2018-11-22 15:38:53	35
2018-11-22 15:48:53	35
2018-11-22 15:58:53	35
2018-11-22 16:08:52	35
2018-11-22 16:18:52	35
2018-11-22 16:28:52	34
2018-11-22 16:38:52	34
2018-11-22 16:48:52	34
2018-11-22 16:58:52	34
2018-11-22 17:08:52	34
2018-11-22 17:18:52	34
2018-11-22 17:28:52	34
2018-11-22 17:38:52	34
2018-11-22 17:48:52	34
2018-11-22 17:58:52	33
2018-11-22 18:08:52	33
2018-11-22 18:18:52	34
2018-11-22 18:28:52	34
2018-11-22 18:38:52	34
2018-11-22 18:48:52	34
2018-11-22 18:58:52	34
2018-11-22 19:08:53	34
2018-11-22 19:18:53	34
2018-11-22 19:28:53	34
2018-11-22 19:38:53	35
2018-11-22 19:48:53	35
2018-11-22 19:58:53	35
2018-11-22 20:08:53	34
2018-11-22 20:18:53	34
2018-11-22 20:28:53	34
2018-11-22 20:38:53	34
2018-11-22 20:48:53	34
2018-11-22 20:58:53	34
2018-11-22 21:08:52	34
2018-11-22 21:18:52	34
2018-11-22 21:28:52	34
2018-11-22 21:38:52	33
2018-11-22 21:48:52	33
2018-11-22 21:58:52	33
2018-11-22 22:08:52	33
2018-11-22 22:18:52	33
2018-11-22 22:28:52	33
2018-11-22 22:38:52	33
2018-11-22 22:48:52	33
2018-11-22 22:58:52	33
2018-11-22 23:08:53	33
2018-11-22 23:18:53	33
2018-11-22 23:28:53	33
2018-11-22 23:38:53	33
2018-11-22 23:48:53	33
2018-11-22 23:58:53	33
2018-11-23 00:08:53	33
2018-11-23 00:18:53	33
2018-11-23 00:28:53	33
2018-11-23 00:38:53	33
2018-11-23 00:48:53	33
2018-11-23 00:58:53	33
2018-11-23 01:08:53	33
2018-11-23 01:18:53	33
2018-11-23 01:28:53	33
2018-11-23 01:38:53	33
2018-11-23 01:48:53	33
2018-11-23 01:58:53	33
2018-11-23 02:08:53	33
2018-11-23 02:18:53	33
2018-11-23 02:28:53	33
2018-11-23 02:38:53	33
2018-11-23 02:48:53	33
2018-11-23 02:58:53	33
2018-11-23 03:08:53	33
2018-11-23 03:18:53	33
2018-11-23 03:28:53	32
2018-11-23 03:38:53	32
2018-11-23 03:48:53	32
2018-11-23 03:58:53	32
2018-11-23 04:08:53	32
2018-11-23 04:18:53	32
2018-11-23 04:28:53	32
2018-11-23 04:38:53	32
2018-11-23 04:48:53	32
2018-11-23 04:58:53	32
2018-11-23 05:08:53	32
2018-11-23 05:18:53	32
2018-11-23 05:28:53	32
2018-11-23 05:38:53	32
2018-11-23 05:48:53	32
2018-11-23 05:58:53	32
2018-11-23 06:08:53	32
2018-11-23 06:18:53	32
2018-11-23 06:28:53	32
2018-11-23 06:38:53	32
2018-11-23 06:48:53	32
2018-11-23 06:58:53	33
2018-11-23 07:08:54	34
2018-11-23 07:18:54	35
2018-11-23 07:28:54	35
2018-11-23 07:38:54	36
2018-11-23 07:48:54	36
2018-11-23 07:58:54	37
2018-11-23 08:08:53	37
2018-11-23 08:18:53	37
2018-11-23 08:28:53	36
2018-11-23 08:38:53	36
2018-11-23 08:48:53	35
2018-11-23 08:58:53	35
2018-11-23 09:08:54	35
2018-11-23 09:18:54	35
2018-11-23 09:28:54	35
2018-11-23 09:38:54	34
2018-11-23 09:48:54	34
2018-11-23 09:58:54	34
2018-11-23 10:08:53	34
2018-11-23 10:18:53	34
2018-11-23 10:28:53	34
2018-11-23 10:38:53	34
2018-11-23 10:48:53	33
2018-11-23 10:58:53	33
2018-11-23 11:08:53	33
2018-11-23 11:18:53	33
2018-11-23 11:28:53	33
2018-11-23 11:38:53	33
2018-11-23 11:48:53	33
2018-11-23 11:58:53	33
2018-11-23 12:08:53	33
2018-11-23 12:18:53	33
2018-11-23 12:28:53	33
2018-11-23 12:38:53	33
2018-11-23 12:48:53	33
2018-11-23 12:58:53	32
2018-11-23 13:08:53	32
2018-11-23 13:18:53	32
2018-11-23 13:28:53	32
2018-11-23 13:38:53	32
2018-11-23 13:48:53	32
2018-11-23 13:58:53	32
2018-11-23 14:08:53	32
2018-11-23 14:18:53	32
2018-11-23 14:28:53	32
2018-11-23 14:38:53	32
2018-11-23 14:48:53	32
2018-11-23 14:58:53	32
2018-11-23 15:08:54	32
2018-11-23 15:18:54	32
2018-11-23 15:28:54	32
2018-11-23 15:38:54	32
2018-11-23 15:48:54	32
2018-11-23 15:58:54	33
2018-11-23 16:08:53	34
2018-11-23 16:18:53	35
2018-11-23 16:28:53	36
2018-11-23 16:38:53	36
2018-11-23 16:48:53	37
2018-11-23 16:58:53	36
2018-11-23 17:08:53	35
2018-11-23 17:18:53	35
2018-11-23 17:28:53	35
2018-11-23 17:38:53	34
2018-11-23 17:48:53	34
2018-11-23 17:58:53	34
2018-11-23 18:08:54	34
2018-11-23 18:18:54	34
2018-11-23 18:28:54	34
2018-11-23 18:38:54	33
2018-11-23 18:48:54	33
2018-11-23 18:58:54	33
2018-11-23 19:08:53	33
2018-11-23 19:18:53	33
2018-11-23 19:28:53	33
2018-11-23 19:38:53	33
2018-11-23 19:48:53	33
2018-11-23 19:58:53	33
2018-11-23 20:08:54	33
2018-11-23 20:18:54	33
2018-11-23 20:28:54	32
2018-11-23 20:38:54	32
2018-11-23 20:48:54	32
2018-11-23 20:58:54	32
2018-11-23 21:08:54	32
2018-11-23 21:18:54	32
2018-11-23 21:28:54	32
2018-11-23 21:38:54	32
2018-11-23 21:48:54	32
2018-11-23 21:58:54	32
2018-11-23 22:08:54	32
2018-11-23 22:18:54	32
2018-11-23 22:28:54	32
2018-11-23 22:38:54	32
2018-11-23 22:48:54	32
2018-11-23 22:58:54	32
2018-11-23 23:08:54	32
2018-11-23 23:18:54	32
2018-11-23 23:28:54	32
2018-11-23 23:38:54	32
2018-11-23 23:48:54	32
2018-11-23 23:58:54	32
2018-11-24 00:08:54	32
2018-11-24 00:18:54	32
2018-11-24 00:28:54	32
2018-11-24 00:38:54	31
2018-11-24 00:48:54	31
2018-11-24 00:58:54	31
2018-11-24 01:08:54	31
2018-11-24 01:18:54	31
2018-11-24 01:28:54	31
2018-11-24 01:38:54	31
2018-11-24 01:48:54	32
2018-11-24 01:58:54	32
2018-11-24 02:08:53	31
2018-11-24 02:18:53	31
2018-11-24 02:28:53	31
2018-11-24 02:38:53	31
2018-11-24 02:48:53	33
2018-11-24 02:58:53	34
2018-11-24 03:08:54	35
2018-11-24 03:18:54	36
2018-11-24 03:28:54	36
2018-11-24 03:38:54	37
2018-11-24 03:48:54	36
2018-11-24 03:58:54	36
2018-11-24 04:08:54	35
2018-11-24 04:18:54	35
2018-11-24 04:28:54	35
2018-11-24 04:38:54	35
2018-11-24 04:48:54	34
2018-11-24 04:58:54	35
2018-11-24 05:08:54	36
2018-11-24 05:18:54	36
2018-11-24 05:28:54	37
2018-11-24 05:38:54	37
2018-11-24 05:48:54	37
2018-11-24 05:58:54	36
2018-11-24 06:08:53	36
2018-11-24 06:18:53	36
2018-11-24 06:28:53	35
2018-11-24 06:38:53	35
2018-11-24 06:48:53	35
2018-11-24 06:58:53	35
2018-11-24 07:08:53	35
2018-11-24 07:18:53	36
2018-11-24 07:28:53	36
2018-11-24 07:38:53	37
2018-11-24 07:48:53	36
2018-11-24 07:58:53	36
2018-11-24 08:08:54	36
2018-11-24 08:18:54	35
2018-11-24 08:28:54	35
2018-11-24 08:38:54	35
2018-11-24 08:48:54	35
2018-11-24 08:58:54	35
2018-11-24 09:08:54	35
2018-11-24 09:18:54	34
2018-11-24 09:28:54	34
2018-11-24 09:38:54	34
2018-11-24 09:48:54	34
2018-11-24 09:58:54	34
2018-11-24 10:08:54	34
2018-11-24 10:18:54	34
2018-11-24 10:28:54	34
2018-11-24 10:38:54	34
2018-11-24 10:48:54	34
2018-11-24 10:58:54	34
2018-11-24 11:08:54	33
2018-11-24 11:18:54	33
2018-11-24 11:28:54	33
2018-11-24 11:38:54	33
2018-11-24 11:48:54	33
2018-11-24 11:58:54	33
2018-11-24 12:08:54	33
2018-11-24 12:18:54	33
2018-11-24 12:28:54	33
2018-11-24 12:38:54	33
2018-11-24 12:48:54	33
2018-11-24 12:58:54	33
2018-11-24 13:08:54	33
2018-11-24 13:18:54	33
2018-11-24 13:28:54	33
2018-11-24 13:38:54	32
2018-11-24 13:48:54	33
2018-11-24 13:58:54	32
2018-11-24 14:08:54	33
2018-11-24 14:18:54	32
2018-11-24 14:28:54	33
2018-11-24 14:38:54	33
2018-11-24 14:48:54	32
2018-11-24 14:58:54	32
2018-11-24 15:08:55	33
2018-11-24 15:18:55	32
2018-11-24 15:28:55	33
2018-11-24 15:38:55	35
2018-11-24 15:48:55	35
2018-11-24 15:58:55	36
2018-11-24 16:08:54	36
2018-11-24 16:18:54	36
2018-11-24 16:28:54	35
2018-11-24 16:38:54	35
2018-11-24 16:48:54	35
2018-11-24 16:58:54	34
2018-11-24 17:08:55	34
2018-11-24 17:18:55	34
2018-11-24 17:28:55	34
2018-11-24 17:38:55	34
2018-11-24 17:48:55	35
2018-11-24 17:58:55	36
2018-11-24 18:08:54	35
2018-11-24 18:18:54	35
2018-11-24 18:28:54	35
2018-11-24 18:38:54	35
2018-11-24 18:48:54	34
2018-11-24 18:58:54	34
2018-11-24 19:08:54	34
2018-11-24 19:18:54	34
2018-11-24 19:28:54	34
2018-11-24 19:38:54	34
2018-11-24 19:48:54	34
2018-11-24 19:58:54	34
2018-11-24 20:08:55	34
2018-11-24 20:18:55	34
2018-11-24 20:28:55	34
2018-11-24 20:38:55	34
2018-11-24 20:48:55	34
2018-11-24 20:58:55	33
2018-11-24 21:08:55	33
2018-11-24 21:18:55	33
2018-11-24 21:28:55	33
2018-11-24 21:38:55	33
2018-11-24 21:48:55	33
2018-11-24 21:58:55	33
2018-11-24 22:08:55	33
2018-11-24 22:18:55	33
2018-11-24 22:28:55	33
2018-11-24 22:38:55	33
2018-11-24 22:48:55	33
2018-11-24 22:58:55	33
2018-11-24 23:08:54	33
2018-11-24 23:18:54	33
2018-11-24 23:28:54	33
2018-11-24 23:38:54	33
2018-11-24 23:48:54	33
2018-11-24 23:58:54	33
2018-11-25 00:08:55	33
2018-11-25 00:18:55	33
2018-11-25 00:28:55	33
2018-11-25 00:38:55	33
2018-11-25 00:48:55	33
2018-11-25 00:58:55	33
2018-11-25 01:08:55	33
2018-11-25 01:18:55	33
2018-11-25 01:28:55	33
2018-11-25 01:38:55	32
2018-11-25 01:48:55	32
2018-11-25 01:58:55	32
2018-11-25 02:08:54	32
2018-11-25 02:18:54	32
2018-11-25 02:28:54	32
2018-11-25 02:38:54	32
2018-11-25 02:48:54	32
2018-11-25 02:58:54	32
2018-11-25 03:08:54	32
2018-11-25 03:18:54	32
2018-11-25 03:28:54	32
2018-11-25 03:38:54	32
2018-11-25 03:48:54	32
2018-11-25 03:58:54	32
2018-11-25 04:08:54	32
2018-11-25 04:18:54	32
2018-11-25 04:28:54	32
2018-11-25 04:38:54	32
2018-11-25 04:48:54	32
2018-11-25 04:58:54	32
2018-11-25 05:08:54	32
2018-11-25 05:18:54	32
2018-11-25 05:28:54	32
2018-11-25 05:38:54	32
2018-11-25 05:48:54	32
2018-11-25 05:58:54	32
2018-11-25 06:08:55	32
2018-11-25 06:18:55	32
2018-11-25 06:28:55	32
2018-11-25 06:38:55	32
2018-11-25 06:48:55	32
2018-11-25 06:58:55	32
2018-11-25 07:08:54	32
2018-11-25 07:18:54	32
2018-11-25 07:28:54	32
2018-11-25 07:38:54	32
2018-11-25 07:48:54	32
2018-11-25 07:58:54	32
2018-11-25 08:08:54	32
2018-11-25 08:18:54	32
2018-11-25 08:28:54	32
2018-11-25 08:38:54	32
2018-11-25 08:48:54	32
2018-11-25 08:58:54	32
2018-11-25 09:08:55	32
2018-11-25 09:18:55	31
2018-11-25 09:28:55	31
2018-11-25 09:38:55	31
2018-11-25 09:48:55	32
2018-11-25 09:58:55	31
2018-11-25 10:08:55	31
2018-11-25 10:18:55	31
2018-11-25 10:28:55	31
2018-11-25 10:38:55	31
2018-11-25 10:48:55	31
2018-11-25 10:58:55	31
2018-11-25 11:08:54	31
2018-11-25 11:18:54	31
2018-11-25 11:28:54	31
2018-11-25 11:38:54	31
2018-11-25 11:48:54	31
2018-11-25 11:58:54	31
2018-11-25 12:08:55	31
2018-11-25 12:18:55	31
2018-11-25 12:28:55	31
2018-11-25 12:38:55	31
2018-11-25 12:48:55	31
2018-11-25 12:58:55	31
2018-11-25 13:08:55	31
2018-11-25 13:18:55	31
2018-11-25 13:28:55	31
2018-11-25 13:38:55	31
2018-11-25 13:48:55	30
2018-11-25 13:58:55	30
2018-11-25 14:08:55	30
2018-11-25 14:18:55	30
2018-11-25 14:28:55	30
2018-11-25 14:38:55	30
2018-11-25 14:48:55	30
2018-11-25 14:58:55	30
2018-11-25 15:08:55	30
2018-11-25 15:18:55	30
2018-11-25 15:28:55	30
2018-11-25 15:38:55	30
2018-11-25 15:48:55	30
2018-11-25 15:58:55	30
2018-11-25 16:08:55	30
2018-11-25 16:18:55	30
2018-11-25 16:28:55	30
2018-11-25 16:38:55	30
2018-11-25 16:48:55	30
2018-11-25 16:58:55	30
2018-11-25 17:08:55	30
2018-11-25 17:18:55	30
2018-11-25 17:28:55	30
2018-11-25 17:38:55	30
2018-11-25 17:48:55	30
2018-11-25 17:58:55	30
2018-11-25 18:08:55	30
2018-11-25 18:18:55	30
2018-11-25 18:28:55	30
2018-11-25 18:38:55	30
2018-11-25 18:48:55	30
2018-11-25 18:58:55	30
2018-11-25 19:08:55	30
2018-11-25 19:18:55	30
2018-11-25 19:28:55	30
2018-11-25 19:38:55	32
2018-11-25 19:48:55	33
2018-11-25 19:58:55	34
2018-11-25 20:08:56	35
2018-11-25 20:18:56	35
2018-11-25 20:28:56	35
2018-11-25 20:38:56	36
2018-11-25 20:48:56	36
2018-11-25 20:58:56	36
2018-11-25 21:08:55	37
2018-11-25 21:18:55	36
2018-11-25 21:28:55	36
2018-11-25 21:38:55	35
2018-11-25 21:48:55	35
2018-11-25 21:58:55	35
2018-11-25 22:08:55	35
2018-11-25 22:18:55	35
2018-11-25 22:28:55	34
2018-11-25 22:38:55	34
2018-11-25 22:48:55	34
2018-11-25 22:58:55	34
2018-11-25 23:08:55	34
2018-11-25 23:18:55	34
2018-11-25 23:28:55	34
2018-11-25 23:38:55	34
2018-11-25 23:48:55	34
2018-11-25 23:58:55	34
2018-11-26 00:08:55	34
2018-11-26 00:18:55	34
2018-11-26 00:28:55	34
2018-11-26 00:38:55	34
2018-11-26 00:48:55	34
2018-11-26 00:58:55	34
2018-11-26 01:08:55	34
2018-11-26 01:18:55	34
2018-11-26 01:28:55	34
2018-11-26 01:38:55	34
2018-11-26 01:48:55	34
2018-11-26 01:58:55	34
2018-11-26 02:08:56	34
2018-11-26 02:18:56	34
2018-11-26 02:28:56	34
2018-11-26 02:38:56	34
2018-11-26 02:48:56	34
2018-11-26 02:58:56	34
2018-11-26 03:08:55	34
2018-11-26 03:18:55	34
2018-11-26 03:28:55	34
2018-11-26 03:38:55	34
2018-11-26 03:48:55	33
2018-11-26 03:58:55	33
2018-11-26 04:08:55	33
2018-11-26 04:18:55	33
2018-11-26 04:28:55	33
2018-11-26 04:38:55	34
2018-11-26 04:48:55	35
2018-11-26 04:58:55	35
2018-11-26 05:08:55	35
2018-11-26 05:18:55	35
2018-11-26 05:28:55	35
2018-11-26 05:38:55	34
2018-11-26 05:48:55	34
2018-11-26 05:58:55	34
2018-11-26 06:08:55	34
2018-11-26 06:18:55	34
2018-11-26 06:28:55	34
2018-11-26 06:38:55	34
2018-11-26 06:48:55	34
2018-11-26 06:58:55	34
2018-11-26 07:08:56	35
2018-11-26 07:18:56	36
2018-11-26 07:28:56	36
2018-11-26 07:38:56	35
2018-11-26 07:48:56	35
2018-11-26 07:58:56	35
2018-11-26 08:08:55	35
2018-11-26 08:18:55	34
2018-11-26 08:28:55	34
2018-11-26 08:38:55	34
2018-11-26 08:48:55	34
2018-11-26 08:58:55	34
2018-11-26 09:08:55	34
2018-11-26 09:18:55	34
2018-11-26 09:28:55	34
2018-11-26 09:38:55	33
2018-11-26 09:48:55	33
2018-11-26 09:58:55	33
2018-11-26 10:08:55	33
2018-11-26 10:18:55	33
2018-11-26 10:28:55	33
2018-11-26 10:38:55	33
2018-11-26 10:48:55	33
2018-11-26 10:58:55	33
2018-11-26 11:08:56	33
2018-11-26 11:18:56	33
2018-11-26 11:28:56	33
2018-11-26 11:38:56	32
2018-11-26 11:48:56	32
2018-11-26 11:58:56	32
2018-11-26 12:08:56	32
2018-11-26 12:18:56	32
2018-11-26 12:28:56	32
2018-11-26 12:38:56	32
2018-11-26 12:48:56	32
2018-11-26 12:58:56	32
2018-11-26 13:08:56	32
2018-11-26 13:18:56	32
2018-11-26 13:28:56	32
2018-11-26 13:38:56	33
2018-11-26 13:48:56	34
2018-11-26 13:58:56	34
2018-11-26 14:08:56	33
2018-11-26 14:18:56	33
2018-11-26 14:28:56	33
2018-11-26 14:38:56	33
2018-11-26 14:48:56	33
2018-11-26 14:58:56	33
2018-11-26 15:08:56	33
2018-11-26 15:18:56	33
2018-11-26 15:28:56	33
2018-11-26 15:38:56	33
2018-11-26 15:48:56	33
2018-11-26 15:58:56	33
2018-11-26 16:08:56	33
2018-11-26 16:18:56	33
2018-11-26 16:28:56	32
2018-11-26 16:38:56	32
2018-11-26 16:48:56	32
2018-11-26 16:58:56	32
2018-11-26 17:08:56	32
2018-11-26 17:18:56	32
2018-11-26 17:28:56	32
2018-11-26 17:38:56	32
2018-11-26 17:48:56	32
2018-11-26 17:58:56	32
2018-11-26 18:08:56	32
2018-11-26 18:18:56	32
2018-11-26 18:28:56	32
2018-11-26 18:38:56	32
2018-11-26 18:48:56	32
2018-11-26 18:58:56	31
2018-11-26 19:08:56	31
2018-11-26 19:18:56	31
2018-11-26 19:28:56	31
2018-11-26 19:38:56	31
2018-11-26 19:48:56	31
2018-11-26 19:58:56	31
2018-11-26 20:08:56	31
2018-11-26 20:18:56	31
2018-11-26 20:28:56	31
2018-11-26 20:38:56	31
2018-11-26 20:48:56	31
2018-11-26 20:58:56	31
2018-11-26 21:08:56	31
2018-11-26 21:18:56	31
2018-11-26 21:28:56	31
2018-11-26 21:38:56	31
2018-11-26 21:48:56	31
2018-11-26 21:58:56	31
2018-11-26 22:08:56	31
2018-11-26 22:18:56	31
2018-11-26 22:28:56	31
2018-11-26 22:38:56	31
2018-11-26 22:48:56	31
2018-11-26 22:58:56	31
2018-11-26 23:08:56	31
2018-11-26 23:18:56	31
2018-11-26 23:28:56	31
2018-11-26 23:38:56	31
2018-11-26 23:48:56	31
2018-11-26 23:58:56	31
2018-11-27 00:08:56	33
2018-11-27 00:18:56	34
2018-11-27 00:28:56	35
2018-11-27 00:38:56	35
2018-11-27 00:48:56	36
2018-11-27 00:58:56	35
2018-11-27 01:08:56	35
2018-11-27 01:18:56	35
2018-11-27 01:28:56	35
2018-11-27 01:38:56	34
2018-11-27 01:48:56	34
2018-11-27 01:58:56	34
2018-11-27 02:08:56	34
2018-11-27 02:18:56	34
2018-11-27 02:28:56	34
2018-11-27 02:38:56	34
2018-11-27 02:48:56	34
2018-11-27 02:58:56	33
2018-11-27 03:08:56	33
2018-11-27 03:18:56	33
2018-11-27 03:28:56	33
2018-11-27 03:38:56	34
2018-11-27 03:48:56	35
2018-11-27 03:58:56	35
2018-11-27 04:08:56	35
2018-11-27 04:18:56	35
2018-11-27 04:28:56	35
2018-11-27 04:38:56	34
2018-11-27 04:48:56	34
2018-11-27 04:58:56	34
2018-11-27 05:08:56	35
2018-11-27 05:18:56	36
2018-11-27 05:28:56	36
2018-11-27 05:38:56	36
2018-11-27 05:48:56	37
2018-11-27 05:58:56	36
2018-11-27 06:08:57	36
2018-11-27 06:18:57	36
2018-11-27 06:28:57	35
2018-11-27 06:38:57	35
2018-11-27 06:48:57	35
2018-11-27 06:58:57	35
2018-11-27 07:08:56	35
2018-11-27 07:18:56	35
2018-11-27 07:28:56	34
2018-11-27 07:38:56	34
2018-11-27 07:48:56	34
2018-11-27 07:58:56	34
2018-11-27 08:08:56	35
2018-11-27 08:18:56	36
2018-11-27 08:28:56	36
2018-11-27 08:38:56	36
2018-11-27 08:48:56	36
2018-11-27 08:58:56	35
2018-11-27 09:08:56	35
2018-11-27 09:18:56	35
2018-11-27 09:28:56	35
2018-11-27 09:38:56	35
2018-11-27 09:48:56	34
2018-11-27 09:58:56	34
2018-11-27 10:08:56	34
2018-11-27 10:18:56	34
2018-11-27 10:28:56	34
2018-11-27 10:38:56	34
2018-11-27 10:48:56	34
2018-11-27 10:58:56	34
2018-11-27 11:08:57	34
2018-11-27 11:18:57	34
2018-11-27 11:28:57	34
2018-11-27 11:38:57	34
2018-11-27 11:48:57	34
2018-11-27 11:58:57	33
2018-11-27 12:08:57	33
2018-11-27 12:18:57	33
2018-11-27 12:28:57	33
2018-11-27 12:38:57	33
2018-11-27 12:48:57	33
2018-11-27 12:58:57	33
2018-11-27 13:08:57	33
2018-11-27 13:18:57	33
2018-11-27 13:28:57	34
2018-11-27 13:38:57	35
2018-11-27 13:48:57	36
2018-11-27 13:58:57	36
2018-11-27 14:08:57	36
2018-11-27 14:18:57	36
2018-11-27 14:28:57	36
2018-11-27 14:38:57	36
2018-11-27 14:48:57	35
2018-11-27 14:58:57	35
2018-11-27 15:08:57	35
2018-11-27 15:18:57	35
2018-11-27 15:28:57	35
2018-11-27 15:38:57	35
2018-11-27 15:48:57	34
2018-11-27 15:58:57	34
2018-11-27 16:08:56	34
2018-11-27 16:18:56	34
2018-11-27 16:28:56	34
2018-11-27 16:38:56	34
2018-11-27 16:48:56	35
2018-11-27 16:58:56	36
2018-11-27 17:08:56	36
2018-11-27 17:18:56	36
2018-11-27 17:28:56	36
2018-11-27 17:38:56	35
2018-11-27 17:48:56	35
2018-11-27 17:58:56	35
2018-11-27 18:08:56	35
2018-11-27 18:18:56	35
2018-11-27 18:28:56	34
2018-11-27 18:38:56	34
2018-11-27 18:48:56	34
2018-11-27 18:58:56	34
2018-11-27 19:08:57	34
2018-11-27 19:18:57	34
2018-11-27 19:28:57	34
2018-11-27 19:38:57	34
2018-11-27 19:48:57	34
2018-11-27 19:58:57	34
2018-11-27 20:08:57	34
2018-11-27 20:18:57	34
2018-11-27 20:28:57	34
2018-11-27 20:38:57	33
2018-11-27 20:48:57	33
2018-11-27 20:58:57	33
2018-11-27 21:08:56	33
2018-11-27 21:18:56	33
2018-11-27 21:28:56	33
2018-11-27 21:38:56	33
2018-11-27 21:48:56	33
2018-11-27 21:58:56	33
2018-11-27 22:08:57	33
2018-11-27 22:18:57	33
2018-11-27 22:28:57	33
2018-11-27 22:38:57	33
2018-11-27 22:48:57	33
2018-11-27 22:58:57	33
2018-11-27 23:08:57	33
2018-11-27 23:18:57	33
2018-11-27 23:28:57	33
2018-11-27 23:38:57	33
2018-11-27 23:48:57	33
2018-11-27 23:58:57	33
2018-11-28 00:08:57	34
2018-11-28 00:18:57	35
2018-11-28 00:28:57	35
2018-11-28 00:38:57	36
2018-11-28 00:48:57	36
2018-11-28 00:58:57	36
2018-11-28 01:08:57	36
2018-11-28 01:18:57	35
2018-11-28 01:28:57	35
2018-11-28 01:38:57	35
2018-11-28 01:48:57	35
2018-11-28 01:58:57	35
2018-11-28 02:08:57	34
2018-11-28 02:18:57	34
2018-11-28 02:28:57	34
2018-11-28 02:38:57	34
2018-11-28 02:48:57	34
2018-11-28 02:58:57	34
2018-11-28 03:08:57	34
2018-11-28 03:18:57	34
2018-11-28 03:28:57	34
2018-11-28 03:38:57	34
2018-11-28 03:48:57	34
2018-11-28 03:58:57	34
2018-11-28 04:08:57	34
2018-11-28 04:18:57	34
2018-11-28 04:28:57	34
2018-11-28 04:38:57	35
2018-11-28 04:48:57	35
2018-11-28 04:58:57	36
2018-11-28 05:08:57	36
2018-11-28 05:18:57	37
2018-11-28 05:28:57	36
2018-11-28 05:38:57	36
2018-11-28 05:48:57	36
2018-11-28 05:58:57	36
2018-11-28 06:08:57	35
2018-11-28 06:18:57	35
2018-11-28 06:28:57	35
2018-11-28 06:38:57	35
2018-11-28 06:48:57	35
2018-11-28 06:58:57	35
2018-11-28 07:08:57	35
2018-11-28 07:18:57	35
2018-11-28 07:28:57	36
2018-11-28 07:38:57	36
2018-11-28 07:48:57	37
2018-11-28 07:58:57	36
2018-11-28 08:08:57	36
2018-11-28 08:18:57	36
2018-11-28 08:28:57	36
2018-11-28 08:38:57	35
2018-11-28 08:48:57	35
2018-11-28 08:58:57	35
2018-11-28 09:08:57	35
2018-11-28 09:18:57	35
2018-11-28 09:28:57	35
2018-11-28 09:38:57	35
2018-11-28 09:48:57	35
2018-11-28 09:58:57	35
2018-11-28 10:08:57	34
2018-11-28 10:18:57	34
2018-11-28 10:28:57	34
2018-11-28 10:38:57	34
2018-11-28 10:48:57	34
2018-11-28 10:58:57	34
2018-11-28 11:08:57	34
2018-11-28 11:18:57	34
2018-11-28 11:28:57	34
2018-11-28 11:38:57	34
2018-11-28 11:48:57	34
2018-11-28 11:58:57	34
2018-11-28 12:08:57	34
2018-11-28 12:18:57	34
2018-11-28 12:28:57	34
2018-11-28 12:38:57	34
2018-11-28 12:48:57	34
2018-11-28 12:58:57	34
2018-11-28 13:08:58	34
2018-11-28 13:18:58	33
2018-11-28 13:28:58	33
2018-11-28 13:38:58	33
2018-11-28 13:48:58	33
2018-11-28 13:58:58	33
2018-11-28 14:08:58	33
2018-11-28 14:18:58	33
2018-11-28 14:28:58	33
2018-11-28 14:38:58	33
2018-11-28 14:48:58	34
2018-11-28 14:58:58	34
2018-11-28 15:08:57	35
2018-11-28 15:18:57	36
2018-11-28 15:28:57	36
2018-11-28 15:38:57	36
2018-11-28 15:48:57	37
2018-11-28 15:58:57	37
2018-11-28 16:08:57	37
2018-11-28 16:18:57	36
2018-11-28 16:28:57	36
2018-11-28 16:38:57	36
2018-11-28 16:48:57	36
2018-11-28 16:58:57	35
2018-11-28 17:08:57	35
2018-11-28 17:18:57	35
2018-11-28 17:28:57	35
2018-11-28 17:38:57	35
2018-11-28 17:48:57	35
2018-11-28 17:58:57	35
2018-11-28 18:08:58	35
2018-11-28 18:18:58	34
2018-11-28 18:28:58	34
2018-11-28 18:38:58	34
2018-11-28 18:48:58	34
2018-11-28 18:58:58	34
2018-11-28 19:08:58	34
2018-11-28 19:18:58	34
2018-11-28 19:28:58	34
2018-11-28 19:38:58	34
2018-11-28 19:48:58	34
2018-11-28 19:58:58	34
2018-11-28 20:08:57	34
2018-11-28 20:18:57	34
2018-11-28 20:28:57	34
2018-11-28 20:38:57	34
2018-11-28 20:48:57	34
2018-11-28 20:58:57	34
2018-11-28 21:08:58	34
2018-11-28 21:18:58	34
2018-11-28 21:28:58	34
2018-11-28 21:38:58	34
2018-11-28 21:48:58	34
2018-11-28 21:58:58	34
2018-11-28 22:08:58	34
2018-11-28 22:18:58	33
2018-11-28 22:28:58	33
2018-11-28 22:38:58	33
2018-11-28 22:48:58	33
2018-11-28 22:58:58	33
2018-11-28 23:08:58	33
2018-11-28 23:18:58	33
2018-11-28 23:28:58	33
2018-11-28 23:38:58	33
2018-11-28 23:48:58	33
2018-11-28 23:58:58	33
2018-11-29 00:08:58	33
2018-11-29 00:18:58	33
2018-11-29 00:28:58	34
2018-11-29 00:38:58	35
2018-11-29 00:48:58	35
2018-11-29 00:58:58	35
2018-11-29 01:08:58	35
2018-11-29 01:18:58	35
2018-11-29 01:28:58	35
2018-11-29 01:38:58	34
2018-11-29 01:48:58	34
2018-11-29 01:58:58	34
2018-11-29 02:08:58	34
2018-11-29 02:18:58	34
2018-11-29 02:28:58	34
2018-11-29 02:38:58	34
2018-11-29 02:48:58	34
2018-11-29 02:58:58	34
2018-11-29 03:08:58	34
2018-11-29 03:18:58	34
2018-11-29 03:28:58	34
2018-11-29 03:38:58	34
2018-11-29 03:48:58	35
2018-11-29 03:58:58	35
2018-11-29 04:08:57	35
2018-11-29 04:18:57	35
2018-11-29 04:28:57	34
2018-11-29 04:38:57	34
2018-11-29 04:48:57	34
2018-11-29 04:58:57	34
2018-11-29 05:08:58	34
2018-11-29 05:18:58	34
2018-11-29 05:28:58	35
2018-11-29 05:38:58	36
2018-11-29 05:48:58	36
2018-11-29 05:58:58	36
2018-11-29 06:08:58	37
2018-11-29 06:18:58	37
2018-11-29 06:28:58	36
2018-11-29 06:38:58	36
2018-11-29 06:48:58	36
2018-11-29 06:58:58	35
2018-11-29 07:08:58	35
2018-11-29 07:18:58	35
2018-11-29 07:28:58	35
2018-11-29 07:38:58	35
2018-11-29 07:48:58	35
2018-11-29 07:58:58	35
2018-11-29 08:08:58	36
2018-11-29 08:18:58	36
2018-11-29 08:28:58	36
2018-11-29 08:38:58	35
2018-11-29 08:48:58	35
2018-11-29 08:58:58	35
2018-11-29 09:08:58	35
2018-11-29 09:18:58	35
2018-11-29 09:28:58	35
2018-11-29 09:38:58	35
2018-11-29 09:48:58	35
2018-11-29 09:58:58	35
2018-11-29 10:08:58	34
2018-11-29 10:18:58	34
2018-11-29 10:28:58	34
2018-11-29 10:38:58	34
2018-11-29 10:48:58	34
2018-11-29 10:58:58	34
2018-11-29 11:08:59	34
2018-11-29 11:18:59	34
2018-11-29 11:28:59	34
2018-11-29 11:38:59	34
2018-11-29 11:48:59	34
2018-11-29 11:58:59	34
2018-11-29 12:08:58	34
2018-11-29 12:18:58	34
2018-11-29 12:28:58	34
2018-11-29 12:38:58	34
2018-11-29 12:48:58	33
2018-11-29 12:58:58	33
2018-11-29 13:08:58	33
2018-11-29 13:18:58	34
2018-11-29 13:28:58	35
2018-11-29 13:38:58	36
2018-11-29 13:48:58	36
2018-11-29 13:58:58	36
2018-11-29 14:08:58	37
2018-11-29 14:18:58	37
2018-11-29 14:28:58	37
2018-11-29 14:38:58	36
2018-11-29 14:48:58	36
2018-11-29 14:58:58	36
2018-11-29 15:08:58	36
2018-11-29 15:18:58	35
2018-11-29 15:28:58	35
2018-11-29 15:38:58	35
2018-11-29 15:48:58	35
2018-11-29 15:58:58	35
2018-11-29 16:08:59	35
2018-11-29 16:18:59	35
2018-11-29 16:28:59	35
2018-11-29 16:38:59	35
2018-11-29 16:48:59	34
2018-11-29 16:58:59	34
2018-11-29 17:08:58	34
2018-11-29 17:18:58	34
2018-11-29 17:28:58	34
2018-11-29 17:38:58	34
2018-11-29 17:48:58	34
2018-11-29 17:58:58	34
2018-11-29 18:08:58	34
2018-11-29 18:18:58	34
2018-11-29 18:28:58	34
2018-11-29 18:38:58	34
2018-11-29 18:48:58	34
2018-11-29 18:58:58	34
2018-11-29 19:08:58	33
2018-11-29 19:18:58	33
2018-11-29 19:28:58	33
2018-11-29 19:38:58	33
2018-11-29 19:48:58	33
2018-11-29 19:58:58	33
2018-11-29 20:08:58	33
2018-11-29 20:18:58	33
2018-11-29 20:28:58	33
2018-11-29 20:38:59	33
2018-11-29 20:48:59	33
2018-11-29 20:58:59	33
2018-11-29 21:08:59	33
2018-11-29 21:18:59	33
2018-11-29 21:28:59	33
2018-11-29 21:38:59	33
2018-11-29 21:48:59	33
2018-11-29 21:58:59	33
2018-11-29 22:08:59	32
2018-11-29 22:18:59	32
2018-11-29 22:28:59	32
2018-11-29 22:38:59	32
2018-11-29 22:48:59	32
2018-11-29 22:58:59	32
2018-11-29 23:09:00	32
2018-11-29 23:19:00	32
2018-11-29 23:29:00	32
2018-11-29 23:39:00	32
2018-11-29 23:49:00	32
2018-11-29 23:59:00	32
2018-11-30 00:08:59	32
2018-11-30 00:18:59	32
2018-11-30 00:28:59	33
2018-11-30 00:38:59	34
2018-11-30 00:48:59	35
2018-11-30 00:58:59	35
2018-11-30 01:09:00	36
2018-11-30 01:19:00	36
2018-11-30 01:29:00	35
2018-11-30 01:39:00	35
2018-11-30 01:49:00	35
2018-11-30 01:59:00	35
2018-11-30 02:09:00	34
2018-11-30 02:19:00	34
2018-11-30 02:29:00	34
2018-11-30 02:39:00	34
2018-11-30 02:49:00	34
2018-11-30 02:59:00	34
2018-11-30 03:08:59	34
2018-11-30 03:18:59	34
2018-11-30 03:28:59	34
2018-11-30 03:38:59	34
2018-11-30 03:48:59	33
2018-11-30 03:58:59	33
2018-11-30 04:09:00	33
2018-11-30 04:19:00	33
2018-11-30 04:29:00	33
2018-11-30 04:39:00	33
2018-11-30 04:49:00	33
2018-11-30 04:59:00	33
2018-11-30 05:09:00	33
2018-11-30 05:19:00	33
2018-11-30 05:29:00	33
2018-11-30 05:39:00	33
2018-11-30 05:49:00	33
2018-11-30 05:59:00	33
2018-11-30 06:09:00	33
2018-11-30 06:19:00	33
2018-11-30 06:29:00	33
2018-11-30 06:39:00	32
2018-11-30 06:49:00	32
2018-11-30 06:59:00	32
2018-11-30 07:08:59	32
2018-11-30 07:18:59	32
2018-11-30 07:28:59	32
2018-11-30 07:38:59	32
2018-11-30 07:48:59	32
2018-11-30 07:58:59	32
2018-11-30 08:08:59	32
2018-11-30 08:18:59	32
2018-11-30 08:28:59	33
2018-11-30 08:38:59	34
2018-11-30 08:48:59	35
2018-11-30 08:58:59	36
2018-11-30 09:09:00	36
2018-11-30 09:19:00	36
2018-11-30 09:29:00	36
2018-11-30 09:39:00	36
2018-11-30 09:49:00	36
2018-11-30 09:59:00	36
2018-11-30 10:09:00	35
2018-11-30 10:19:00	35
2018-11-30 10:29:00	34
2018-11-30 10:39:00	34
2018-11-30 10:49:00	34
2018-11-30 10:59:00	34
2018-11-30 11:09:00	34
2018-11-30 11:19:00	34
2018-11-30 11:29:00	34
2018-11-30 11:39:00	34
2018-11-30 11:49:00	34
2018-11-30 11:59:00	34
2018-11-30 12:09:00	34
2018-11-30 12:19:00	34
2018-11-30 12:29:00	34
2018-11-30 12:39:00	33
2018-11-30 12:49:00	33
2018-11-30 12:59:00	33
2018-11-30 13:09:00	33
2018-11-30 13:19:00	33
2018-11-30 13:29:00	33
2018-11-30 13:39:00	33
2018-11-30 13:49:00	33
2018-11-30 13:59:00	33
2018-11-30 14:09:00	34
2018-11-30 14:19:00	34
2018-11-30 14:29:00	33
2018-11-30 14:39:00	33
2018-11-30 14:49:00	33
2018-11-30 14:59:00	33
2018-11-30 15:09:00	33
2018-11-30 15:19:00	33
2018-11-30 15:29:00	33
2018-11-30 15:39:00	33
2018-11-30 15:49:00	33
2018-11-30 15:59:00	33
2018-11-30 16:09:00	33
2018-11-30 16:19:00	34
2018-11-30 16:29:00	35
2018-11-30 16:39:00	36
2018-11-30 16:49:00	36
2018-11-30 16:59:00	36
2018-11-30 17:09:00	36
2018-11-30 17:19:00	35
2018-11-30 17:29:00	35
2018-11-30 17:39:00	35
2018-11-30 17:49:00	34
2018-11-30 17:59:00	34
2018-11-30 18:09:00	34
2018-11-30 18:19:00	34
2018-11-30 18:29:00	34
2018-11-30 18:39:00	34
2018-11-30 18:49:00	34
2018-11-30 18:59:00	34
2018-11-30 19:09:00	33
2018-11-30 19:19:00	33
2018-11-30 19:29:00	33
2018-11-30 19:39:00	33
2018-11-30 19:49:00	33
2018-11-30 19:59:00	33
2018-11-30 20:16:46	33
2018-11-30 20:26:46	33
2018-11-30 20:36:46	33
2018-11-30 20:46:46	33
2018-11-30 20:56:46	33
2018-11-30 21:06:46	33
2018-11-30 21:16:46	33
2018-11-30 21:26:46	33
2018-11-30 21:36:46	33
2018-11-30 21:46:46	33
2018-11-30 21:56:46	33
2018-11-30 21:59:00	33
2018-11-30 22:09:00	33
2018-11-30 22:19:00	32
2018-11-30 22:29:00	32
2018-11-30 22:39:00	32
2018-11-30 22:49:00	32
2018-11-30 22:59:00	32
2018-11-30 23:09:00	32
2018-11-30 23:19:00	32
2018-11-30 23:29:00	32
2018-11-30 23:39:00	32
2018-11-30 23:49:00	32
2018-11-30 23:59:00	32
2018-12-01 00:09:00	32
2018-12-01 00:19:00	32
2018-12-01 00:29:00	32
2018-12-01 00:39:00	32
2018-12-01 00:49:00	32
2018-12-01 00:59:00	32
